jugador_id,torneo_id,asistencia,origen,origen_lat,origen_lon,destino,destino_lat,destino_lon
5,110,1,Venado Tuerto,-33.7455566,-61.9690161,16,-33.7459475,-61.9638895
5,112,1,Venado Tuerto,-33.7455566,-61.9690161,6,-33.700647,-61.6136698
5,114,1,Venado Tuerto,-33.7455566,-61.9690161,20,-33.3244841,-62.0412914
5,116,1,Venado Tuerto,-33.7455566,-61.9690161,1,-33.5659426,-62.8847199
5,118,1,Venado Tuerto,-33.7455566,-61.9690161,16,-33.7459475,-61.9638895
5,120,1,Venado Tuerto,-33.7455566,-61.9690161,2,-33.3751295,-61.7115049
5,136,1,Venado Tuerto,-33.7455566,-61.9690161,7,-33.7233238,-62.2456286
9,111,1,Paraná,-31.743465,-60.508353,10,-31.6148752,-60.7866541
9,117,1,Paraná,-31.743465,-60.508353,8,-31.203066,-61.479862
9,127,1,Paraná,-31.743465,-60.508353,8,-31.203066,-61.479862
10,111,1,Paraná,-31.743465,-60.508353,12,-31.724134,-60.5364805
10,117,1,Paraná,-31.743465,-60.508353,8,-31.203066,-61.479862
10,126,1,Paraná,-31.743465,-60.508353,15,-31.5901238,-60.7289541
10,127,1,Paraná,-31.743465,-60.508353,15,-31.5901238,-60.7289541
11,111,1,Paraná,-31.743465,-60.508353,12,-31.724134,-60.5364805
17,110,1,Rosario,-32.9587022,-60.6930416,7,-33.7233238,-62.2456286
17,112,1,Rosario,-32.9587022,-60.6930416,19,-33.4583964,-61.4862572
17,113,1,Rosario,-32.9587022,-60.6930416,20,-33.3244841,-62.0412914
17,114,1,Rosario,-32.9587022,-60.6930416,2,-33.3751295,-61.7115049
17,116,1,Rosario,-32.9587022,-60.6930416,1,-33.5659426,-62.8847199
17,117,1,Rosario,-32.9587022,-60.6930416,8,-31.203066,-61.479862
17,118,1,Rosario,-32.9587022,-60.6930416,2,-33.3751295,-61.7115049
17,120,1,Rosario,-32.9587022,-60.6930416,19,-33.4583964,-61.4862572
17,126,1,Rosario,-32.9587022,-60.6930416,12,-31.724134,-60.5364805
17,127,1,Rosario,-32.9587022,-60.6930416,8,-31.203066,-61.479862
17,129,1,Rosario,-32.9587022,-60.6930416,2,-33.3751295,-61.7115049
17,131,1,Rosario,-32.9587022,-60.6930416,20,-33.3244841,-62.0412914
17,132,1,Rosario,-32.9587022,-60.6930416,3,-33.5356733,-61.1287133
17,133,1,Rosario,-32.9587022,-60.6930416,6,-33.700647,-61.6136698
17,135,1,Rosario,-32.9587022,-60.6930416,1,-33.5659426,-62.8847199
17,136,1,Rosario,-32.9587022,-60.6930416,16,-33.7459475,-61.9638895
18,110,1,Venado Tuerto,-33.7455566,-61.9690161,11,-33.7447968,-61.9744751
18,112,1,Venado Tuerto,-33.7455566,-61.9690161,3,-33.5356733,-61.1287133
18,127,1,Venado Tuerto,-33.7455566,-61.9690161,15,-31.5901238,-60.7289541
18,133,1,Venado Tuerto,-33.7455566,-61.9690161,2,-33.3751295,-61.7115049
18,134,1,Venado Tuerto,-33.7455566,-61.9690161,19,-33.4583964,-61.4862572
18,136,1,Venado Tuerto,-33.7455566,-61.9690161,11,-33.7447968,-61.9744751
20,110,1,Venado Tuerto,-33.7455566,-61.9690161,11,-33.7447968,-61.9744751
20,114,1,Venado Tuerto,-33.7455566,-61.9690161,19,-33.4583964,-61.4862572
23,114,1,Elortondo,-33.7011985,-61.6160889,19,-33.4583964,-61.4862572
24,117,1,Rafaela,-31.2547504,-61.528983,8,-31.203066,-61.479862
24,127,1,Rafaela,-31.2547504,-61.528983,8,-31.203066,-61.479862
25,111,1,Paraná,-31.743465,-60.508353,12,-31.724134,-60.5364805
25,114,1,Paraná,-31.743465,-60.508353,20,-33.3244841,-62.0412914
25,116,1,Paraná,-31.743465,-60.508353,1,-33.5659426,-62.8847199
25,117,1,Paraná,-31.743465,-60.508353,15,-31.5901238,-60.7289541
25,120,1,Paraná,-31.743465,-60.508353,2,-33.3751295,-61.7115049
25,126,1,Paraná,-31.743465,-60.508353,10,-31.6148752,-60.7866541
25,127,1,Paraná,-31.743465,-60.508353,8,-31.203066,-61.479862
25,131,1,Paraná,-31.743465,-60.508353,19,-33.4583964,-61.4862572
25,133,1,Paraná,-31.743465,-60.508353,16,-33.7459475,-61.9638895
25,135,1,Paraná,-31.743465,-60.508353,1,-33.5659426,-62.8847199
26,114,1,Paraná,-31.743465,-60.508353,2,-33.3751295,-61.7115049
26,116,1,Paraná,-31.743465,-60.508353,1,-33.5659426,-62.8847199
26,117,1,Paraná,-31.743465,-60.508353,8,-31.203066,-61.479862
26,126,1,Paraná,-31.743465,-60.508353,12,-31.724134,-60.5364805
26,131,1,Paraná,-31.743465,-60.508353,20,-33.3244841,-62.0412914
26,135,1,Paraná,-31.743465,-60.508353,1,-33.5659426,-62.8847199
27,126,1,Paraná,-31.743465,-60.508353,12,-31.724134,-60.5364805
30,120,1,Rufino,-34.2632375,-62.712828,19,-33.4583964,-61.4862572
32,113,1,Los Quirquinchos,-33.3751295,-61.7115049,20,-33.3244841,-62.0412914
32,114,1,Los Quirquinchos,-33.3751295,-61.7115049,2,-33.3751295,-61.7115049
32,116,1,Los Quirquinchos,-33.3751295,-61.7115049,1,-33.5659426,-62.8847199
32,118,1,Los Quirquinchos,-33.3751295,-61.7115049,2,-33.3751295,-61.7115049
32,120,1,Los Quirquinchos,-33.3751295,-61.7115049,19,-33.4583964,-61.4862572
32,126,1,Los Quirquinchos,-33.3751295,-61.7115049,12,-31.724134,-60.5364805
32,127,1,Los Quirquinchos,-33.3751295,-61.7115049,8,-31.203066,-61.479862
32,129,1,Los Quirquinchos,-33.3751295,-61.7115049,2,-33.3751295,-61.7115049
32,131,1,Los Quirquinchos,-33.3751295,-61.7115049,20,-33.3244841,-62.0412914
32,132,1,Los Quirquinchos,-33.3751295,-61.7115049,3,-33.5356733,-61.1287133
32,133,1,Los Quirquinchos,-33.3751295,-61.7115049,6,-33.700647,-61.6136698
32,134,1,Los Quirquinchos,-33.3751295,-61.7115049,20,-33.3244841,-62.0412914
32,135,1,Los Quirquinchos,-33.3751295,-61.7115049,1,-33.5659426,-62.8847199
32,136,1,Los Quirquinchos,-33.3751295,-61.7115049,16,-33.7459475,-61.9638895
36,131,1,Los Quirquinchos,-33.3751295,-61.7115049,19,-33.4583964,-61.4862572
40,111,1,Elortondo,-33.7011985,-61.6160889,10,-31.6148752,-60.7866541
40,116,1,Elortondo,-33.7011985,-61.6160889,1,-33.5659426,-62.8847199
40,131,1,Elortondo,-33.7011985,-61.6160889,20,-33.3244841,-62.0412914
40,132,1,Elortondo,-33.7011985,-61.6160889,3,-33.5356733,-61.1287133
40,133,1,Elortondo,-33.7011985,-61.6160889,6,-33.700647,-61.6136698
42,111,1,Rafaela,-31.2547504,-61.528983,12,-31.724134,-60.5364805
42,117,1,Rafaela,-31.2547504,-61.528983,8,-31.203066,-61.479862
44,112,1,Elortondo,-33.7011985,-61.6160889,6,-33.700647,-61.6136698
44,118,1,Elortondo,-33.7011985,-61.6160889,16,-33.7459475,-61.9638895
44,129,1,Elortondo,-33.7011985,-61.6160889,20,-33.3244841,-62.0412914
44,131,1,Elortondo,-33.7011985,-61.6160889,19,-33.4583964,-61.4862572
44,134,1,Elortondo,-33.7011985,-61.6160889,2,-33.3751295,-61.7115049
44,136,1,Elortondo,-33.7011985,-61.6160889,7,-33.7233238,-62.2456286
49,118,1,Elortondo,-33.7011985,-61.6160889,2,-33.3751295,-61.7115049
49,133,1,Elortondo,-33.7011985,-61.6160889,6,-33.700647,-61.6136698
52,120,1,Los Quirquinchos,-33.3751295,-61.7115049,2,-33.3751295,-61.7115049
52,126,1,Los Quirquinchos,-33.3751295,-61.7115049,10,-31.6148752,-60.7866541
52,129,1,Los Quirquinchos,-33.3751295,-61.7115049,20,-33.3244841,-62.0412914
52,131,1,Los Quirquinchos,-33.3751295,-61.7115049,19,-33.4583964,-61.4862572
52,132,1,Los Quirquinchos,-33.3751295,-61.7115049,3,-33.5356733,-61.1287133
55,111,1,Rafaela,-31.2547504,-61.528983,12,-31.724134,-60.5364805
55,113,1,Rafaela,-31.2547504,-61.528983,19,-33.4583964,-61.4862572
55,114,1,Rafaela,-31.2547504,-61.528983,20,-33.3244841,-62.0412914
55,117,1,Rafaela,-31.2547504,-61.528983,15,-31.5901238,-60.7289541
55,118,1,Rafaela,-31.2547504,-61.528983,16,-33.7459475,-61.9638895
55,120,1,Rafaela,-31.2547504,-61.528983,2,-33.3751295,-61.7115049
55,126,1,Rafaela,-31.2547504,-61.528983,10,-31.6148752,-60.7866541
55,127,1,Rafaela,-31.2547504,-61.528983,8,-31.203066,-61.479862
55,136,1,Rafaela,-31.2547504,-61.528983,7,-33.7233238,-62.2456286
56,117,1,Rafaela,-31.2547504,-61.528983,8,-31.203066,-61.479862
56,127,1,Rafaela,-31.2547504,-61.528983,8,-31.203066,-61.479862
57,127,1,Rafaela,-31.2547504,-61.528983,8,-31.203066,-61.479862
58,127,1,Rafaela,-31.2547504,-61.528983,8,-31.203066,-61.479862
62,113,1,Casilda,-33.044522,-61.1650211,20,-33.3244841,-62.0412914
68,134,1,Carcaraña,-32.8571864,-61.1578169,2,-33.3751295,-61.7115049
71,110,1,Elortondo,-33.7011985,-61.6160889,16,-33.7459475,-61.9638895
71,111,1,Elortondo,-33.7011985,-61.6160889,12,-31.724134,-60.5364805
71,112,1,Elortondo,-33.7011985,-61.6160889,6,-33.700647,-61.6136698
71,114,1,Elortondo,-33.7011985,-61.6160889,20,-33.3244841,-62.0412914
71,116,1,Elortondo,-33.7011985,-61.6160889,1,-33.5659426,-62.8847199
71,118,1,Elortondo,-33.7011985,-61.6160889,16,-33.7459475,-61.9638895
71,120,1,Elortondo,-33.7011985,-61.6160889,2,-33.3751295,-61.7115049
71,132,1,Elortondo,-33.7011985,-61.6160889,3,-33.5356733,-61.1287133
71,133,1,Elortondo,-33.7011985,-61.6160889,16,-33.7459475,-61.9638895
71,134,1,Elortondo,-33.7011985,-61.6160889,2,-33.3751295,-61.7115049
71,135,1,Elortondo,-33.7011985,-61.6160889,1,-33.5659426,-62.8847199
72,111,1,Rafaela,-31.2547504,-61.528983,12,-31.724134,-60.5364805
72,112,1,Rafaela,-31.2547504,-61.528983,6,-33.700647,-61.6136698
72,113,1,Rafaela,-31.2547504,-61.528983,19,-33.4583964,-61.4862572
72,114,1,Rafaela,-31.2547504,-61.528983,20,-33.3244841,-62.0412914
72,127,1,Rafaela,-31.2547504,-61.528983,15,-31.5901238,-60.7289541
76,113,1,Elortondo,-33.7011985,-61.6160889,19,-33.4583964,-61.4862572
77,134,1,Firmat,-33.4583964,-61.4862572,19,-33.4583964,-61.4862572
81,114,1,Los Quirquinchos,-33.3751295,-61.7115049,19,-33.4583964,-61.4862572
81,120,1,Los Quirquinchos,-33.3751295,-61.7115049,20,-33.3244841,-62.0412914
81,131,1,Los Quirquinchos,-33.3751295,-61.7115049,2,-33.3751295,-61.7115049
87,114,1,Los Quirquinchos,-33.3751295,-61.7115049,19,-33.4583964,-61.4862572
87,131,1,Los Quirquinchos,-33.3751295,-61.7115049,2,-33.3751295,-61.7115049
87,132,1,Los Quirquinchos,-33.3751295,-61.7115049,6,-33.700647,-61.6136698
88,131,1,Los Quirquinchos,-33.3751295,-61.7115049,2,-33.3751295,-61.7115049
88,132,1,Los Quirquinchos,-33.3751295,-61.7115049,6,-33.700647,-61.6136698
96,110,1,Venado Tuerto,-33.7455566,-61.9690161,11,-33.7447968,-61.9744751
96,113,1,Venado Tuerto,-33.7455566,-61.9690161,2,-33.3751295,-61.7115049
96,114,1,Venado Tuerto,-33.7455566,-61.9690161,19,-33.4583964,-61.4862572
96,116,1,Venado Tuerto,-33.7455566,-61.9690161,1,-33.5659426,-62.8847199
96,118,1,Venado Tuerto,-33.7455566,-61.9690161,2,-33.3751295,-61.7115049
96,120,1,Venado Tuerto,-33.7455566,-61.9690161,20,-33.3244841,-62.0412914
96,127,1,Venado Tuerto,-33.7455566,-61.9690161,8,-31.203066,-61.479862
96,129,1,Venado Tuerto,-33.7455566,-61.9690161,2,-33.3751295,-61.7115049
96,131,1,Venado Tuerto,-33.7455566,-61.9690161,20,-33.3244841,-62.0412914
96,132,1,Venado Tuerto,-33.7455566,-61.9690161,3,-33.5356733,-61.1287133
96,133,1,Venado Tuerto,-33.7455566,-61.9690161,6,-33.700647,-61.6136698
96,134,1,Venado Tuerto,-33.7455566,-61.9690161,20,-33.3244841,-62.0412914
96,135,1,Venado Tuerto,-33.7455566,-61.9690161,1,-33.5659426,-62.8847199
96,136,1,Venado Tuerto,-33.7455566,-61.9690161,16,-33.7459475,-61.9638895
100,110,1,Venado Tuerto,-33.7455566,-61.9690161,16,-33.7459475,-61.9638895
100,112,1,Venado Tuerto,-33.7455566,-61.9690161,6,-33.700647,-61.6136698
100,133,1,Venado Tuerto,-33.7455566,-61.9690161,16,-33.7459475,-61.9638895
103,111,1,Paraná,-31.743465,-60.508353,12,-31.724134,-60.5364805
103,120,1,Paraná,-31.743465,-60.508353,2,-33.3751295,-61.7115049
103,127,1,Paraná,-31.743465,-60.508353,8,-31.203066,-61.479862
103,131,1,Paraná,-31.743465,-60.508353,19,-33.4583964,-61.4862572
103,136,1,Paraná,-31.743465,-60.508353,7,-33.7233238,-62.2456286
108,110,1,Correa,-32.8491608,-61.2642714,16,-33.7459475,-61.9638895
108,111,1,Correa,-32.8491608,-61.2642714,12,-31.724134,-60.5364805
111,110,1,Los Quirquinchos,-33.3751295,-61.7115049,11,-33.7447968,-61.9744751
111,112,1,Los Quirquinchos,-33.3751295,-61.7115049,3,-33.5356733,-61.1287133
111,113,1,Los Quirquinchos,-33.3751295,-61.7115049,2,-33.3751295,-61.7115049
111,114,1,Los Quirquinchos,-33.3751295,-61.7115049,19,-33.4583964,-61.4862572
111,117,1,Los Quirquinchos,-33.3751295,-61.7115049,8,-31.203066,-61.479862
111,118,1,Los Quirquinchos,-33.3751295,-61.7115049,6,-33.700647,-61.6136698
111,120,1,Los Quirquinchos,-33.3751295,-61.7115049,20,-33.3244841,-62.0412914
111,126,1,Los Quirquinchos,-33.3751295,-61.7115049,15,-31.5901238,-60.7289541
111,127,1,Los Quirquinchos,-33.3751295,-61.7115049,15,-31.5901238,-60.7289541
111,133,1,Los Quirquinchos,-33.3751295,-61.7115049,2,-33.3751295,-61.7115049
111,134,1,Los Quirquinchos,-33.3751295,-61.7115049,19,-33.4583964,-61.4862572
111,136,1,Los Quirquinchos,-33.3751295,-61.7115049,11,-33.7447968,-61.9744751
124,112,1,Carcaraña,-32.8571864,-61.1578169,3,-33.5356733,-61.1287133
124,131,1,Carcaraña,-32.8571864,-61.1578169,2,-33.3751295,-61.7115049
128,110,1,Venado Tuerto,-33.7455566,-61.9690161,11,-33.7447968,-61.9744751
128,112,1,Venado Tuerto,-33.7455566,-61.9690161,3,-33.5356733,-61.1287133
128,113,1,Venado Tuerto,-33.7455566,-61.9690161,2,-33.3751295,-61.7115049
128,114,1,Venado Tuerto,-33.7455566,-61.9690161,19,-33.4583964,-61.4862572
128,129,1,Venado Tuerto,-33.7455566,-61.9690161,9,-33.125976,-62.0942234
128,131,1,Venado Tuerto,-33.7455566,-61.9690161,2,-33.3751295,-61.7115049
128,132,1,Venado Tuerto,-33.7455566,-61.9690161,6,-33.700647,-61.6136698
128,133,1,Venado Tuerto,-33.7455566,-61.9690161,2,-33.3751295,-61.7115049
128,135,1,Venado Tuerto,-33.7455566,-61.9690161,1,-33.5659426,-62.8847199
128,136,1,Venado Tuerto,-33.7455566,-61.9690161,11,-33.7447968,-61.9744751
130,114,1,Carcaraña,-32.8571864,-61.1578169,2,-33.3751295,-61.7115049
130,132,1,Carcaraña,-32.8571864,-61.1578169,3,-33.5356733,-61.1287133
134,110,1,Elortondo,-33.7011985,-61.6160889,16,-33.7459475,-61.9638895
134,111,1,Elortondo,-33.7011985,-61.6160889,12,-31.724134,-60.5364805
134,112,1,Elortondo,-33.7011985,-61.6160889,6,-33.700647,-61.6136698
134,113,1,Elortondo,-33.7011985,-61.6160889,19,-33.4583964,-61.4862572
134,114,1,Elortondo,-33.7011985,-61.6160889,20,-33.3244841,-62.0412914
134,116,1,Elortondo,-33.7011985,-61.6160889,1,-33.5659426,-62.8847199
134,117,1,Elortondo,-33.7011985,-61.6160889,15,-31.5901238,-60.7289541
134,120,1,Elortondo,-33.7011985,-61.6160889,20,-33.3244841,-62.0412914
134,131,1,Elortondo,-33.7011985,-61.6160889,19,-33.4583964,-61.4862572
134,132,1,Elortondo,-33.7011985,-61.6160889,3,-33.5356733,-61.1287133
134,133,1,Elortondo,-33.7011985,-61.6160889,16,-33.7459475,-61.9638895
134,134,1,Elortondo,-33.7011985,-61.6160889,2,-33.3751295,-61.7115049
134,135,1,Elortondo,-33.7011985,-61.6160889,1,-33.5659426,-62.8847199
134,136,1,Elortondo,-33.7011985,-61.6160889,11,-33.7447968,-61.9744751
142,113,1,Firmat,-33.4583964,-61.4862572,20,-33.3244841,-62.0412914
142,114,1,Firmat,-33.4583964,-61.4862572,2,-33.3751295,-61.7115049
142,118,1,Firmat,-33.4583964,-61.4862572,2,-33.3751295,-61.7115049
142,129,1,Firmat,-33.4583964,-61.4862572,2,-33.3751295,-61.7115049
142,133,1,Firmat,-33.4583964,-61.4862572,6,-33.700647,-61.6136698
142,134,1,Firmat,-33.4583964,-61.4862572,20,-33.3244841,-62.0412914
142,135,1,Firmat,-33.4583964,-61.4862572,1,-33.5659426,-62.8847199
143,133,1,Venado Tuerto,-33.7455566,-61.9690161,2,-33.3751295,-61.7115049
148,136,1,Venado Tuerto,-33.7455566,-61.9690161,16,-33.7459475,-61.9638895
150,111,1,Rafaela,-31.2547504,-61.528983,12,-31.724134,-60.5364805
150,117,1,Rafaela,-31.2547504,-61.528983,8,-31.203066,-61.479862
150,126,1,Rafaela,-31.2547504,-61.528983,15,-31.5901238,-60.7289541
150,127,1,Rafaela,-31.2547504,-61.528983,15,-31.5901238,-60.7289541
151,111,1,Paraná,-31.743465,-60.508353,12,-31.724134,-60.5364805
151,112,1,Paraná,-31.743465,-60.508353,3,-33.5356733,-61.1287133
151,117,1,Paraná,-31.743465,-60.508353,8,-31.203066,-61.479862
151,126,1,Paraná,-31.743465,-60.508353,15,-31.5901238,-60.7289541
151,127,1,Paraná,-31.743465,-60.508353,15,-31.5901238,-60.7289541
152,112,1,Chañar Ladeado,-33.3244841,-62.0412914,3,-33.5356733,-61.1287133
152,113,1,Chañar Ladeado,-33.3244841,-62.0412914,2,-33.3751295,-61.7115049
152,114,1,Chañar Ladeado,-33.3244841,-62.0412914,19,-33.4583964,-61.4862572
152,117,1,Chañar Ladeado,-33.3244841,-62.0412914,8,-31.203066,-61.479862
152,120,1,Chañar Ladeado,-33.3244841,-62.0412914,20,-33.3244841,-62.0412914
152,126,1,Chañar Ladeado,-33.3244841,-62.0412914,15,-31.5901238,-60.7289541
152,129,1,Chañar Ladeado,-33.3244841,-62.0412914,9,-33.125976,-62.0942234
152,131,1,Chañar Ladeado,-33.3244841,-62.0412914,2,-33.3751295,-61.7115049
152,132,1,Chañar Ladeado,-33.3244841,-62.0412914,6,-33.700647,-61.6136698
152,133,1,Chañar Ladeado,-33.3244841,-62.0412914,2,-33.3751295,-61.7115049
152,134,1,Chañar Ladeado,-33.3244841,-62.0412914,19,-33.4583964,-61.4862572
152,136,1,Chañar Ladeado,-33.3244841,-62.0412914,11,-33.7447968,-61.9744751
154,114,1,Arroyo Seco,-33.1528278,-60.5870722,20,-33.3244841,-62.0412914
154,116,1,Arroyo Seco,-33.1528278,-60.5870722,1,-33.5659426,-62.8847199
154,117,1,Arroyo Seco,-33.1528278,-60.5870722,15,-31.5901238,-60.7289541
154,118,1,Arroyo Seco,-33.1528278,-60.5870722,6,-33.700647,-61.6136698
154,120,1,Arroyo Seco,-33.1528278,-60.5870722,2,-33.3751295,-61.7115049
154,126,1,Arroyo Seco,-33.1528278,-60.5870722,15,-31.5901238,-60.7289541
154,127,1,Arroyo Seco,-33.1528278,-60.5870722,15,-31.5901238,-60.7289541
154,129,1,Arroyo Seco,-33.1528278,-60.5870722,9,-33.125976,-62.0942234
154,131,1,Arroyo Seco,-33.1528278,-60.5870722,2,-33.3751295,-61.7115049
154,132,1,Arroyo Seco,-33.1528278,-60.5870722,6,-33.700647,-61.6136698
154,133,1,Arroyo Seco,-33.1528278,-60.5870722,2,-33.3751295,-61.7115049
154,134,1,Arroyo Seco,-33.1528278,-60.5870722,19,-33.4583964,-61.4862572
154,135,1,Arroyo Seco,-33.1528278,-60.5870722,1,-33.5659426,-62.8847199
154,136,1,Arroyo Seco,-33.1528278,-60.5870722,11,-33.7447968,-61.9744751
155,110,1,Paraná,-31.743465,-60.508353,11,-33.7447968,-61.9744751
155,136,1,Paraná,-31.743465,-60.508353,11,-33.7447968,-61.9744751
163,114,1,Los Quirquinchos,-33.3751295,-61.7115049,20,-33.3244841,-62.0412914
163,118,1,Los Quirquinchos,-33.3751295,-61.7115049,16,-33.7459475,-61.9638895
163,120,1,Los Quirquinchos,-33.3751295,-61.7115049,2,-33.3751295,-61.7115049
163,131,1,Los Quirquinchos,-33.3751295,-61.7115049,19,-33.4583964,-61.4862572
163,132,1,Los Quirquinchos,-33.3751295,-61.7115049,3,-33.5356733,-61.1287133
163,134,1,Los Quirquinchos,-33.3751295,-61.7115049,2,-33.3751295,-61.7115049
168,112,1,Elortondo,-33.7011985,-61.6160889,3,-33.5356733,-61.1287133
168,117,1,Elortondo,-33.7011985,-61.6160889,8,-31.203066,-61.479862
168,118,1,Elortondo,-33.7011985,-61.6160889,6,-33.700647,-61.6136698
168,120,1,Elortondo,-33.7011985,-61.6160889,20,-33.3244841,-62.0412914
168,127,1,Elortondo,-33.7011985,-61.6160889,15,-31.5901238,-60.7289541
168,129,1,Elortondo,-33.7011985,-61.6160889,9,-33.125976,-62.0942234
168,131,1,Elortondo,-33.7011985,-61.6160889,2,-33.3751295,-61.7115049
168,132,1,Elortondo,-33.7011985,-61.6160889,6,-33.700647,-61.6136698
168,133,1,Elortondo,-33.7011985,-61.6160889,2,-33.3751295,-61.7115049
168,134,1,Elortondo,-33.7011985,-61.6160889,19,-33.4583964,-61.4862572
168,135,1,Elortondo,-33.7011985,-61.6160889,1,-33.5659426,-62.8847199
168,136,1,Elortondo,-33.7011985,-61.6160889,11,-33.7447968,-61.9744751
170,113,1,Los Quirquinchos,-33.3751295,-61.7115049,2,-33.3751295,-61.7115049
170,114,1,Los Quirquinchos,-33.3751295,-61.7115049,19,-33.4583964,-61.4862572
170,116,1,Los Quirquinchos,-33.3751295,-61.7115049,1,-33.5659426,-62.8847199
170,117,1,Los Quirquinchos,-33.3751295,-61.7115049,8,-31.203066,-61.479862
170,118,1,Los Quirquinchos,-33.3751295,-61.7115049,6,-33.700647,-61.6136698
170,120,1,Los Quirquinchos,-33.3751295,-61.7115049,20,-33.3244841,-62.0412914
170,129,1,Los Quirquinchos,-33.3751295,-61.7115049,2,-33.3751295,-61.7115049
170,131,1,Los Quirquinchos,-33.3751295,-61.7115049,2,-33.3751295,-61.7115049
170,132,1,Los Quirquinchos,-33.3751295,-61.7115049,6,-33.700647,-61.6136698
170,133,1,Los Quirquinchos,-33.3751295,-61.7115049,2,-33.3751295,-61.7115049
170,134,1,Los Quirquinchos,-33.3751295,-61.7115049,19,-33.4583964,-61.4862572
170,135,1,Los Quirquinchos,-33.3751295,-61.7115049,1,-33.5659426,-62.8847199
170,136,1,Los Quirquinchos,-33.3751295,-61.7115049,11,-33.7447968,-61.9744751
176,126,1,Paraná,-31.743465,-60.508353,12,-31.724134,-60.5364805
178,113,1,Camilo Aldao,-33.1263187,-62.095867,2,-33.3751295,-61.7115049
178,120,1,Camilo Aldao,-33.1263187,-62.095867,20,-33.3244841,-62.0412914
178,129,1,Camilo Aldao,-33.1263187,-62.095867,9,-33.125976,-62.0942234
178,132,1,Camilo Aldao,-33.1263187,-62.095867,6,-33.700647,-61.6136698
185,110,1,Venado Tuerto,-33.7455566,-61.9690161,11,-33.7447968,-61.9744751
185,113,1,Venado Tuerto,-33.7455566,-61.9690161,2,-33.3751295,-61.7115049
185,126,1,Venado Tuerto,-33.7455566,-61.9690161,15,-31.5901238,-60.7289541
185,131,1,Venado Tuerto,-33.7455566,-61.9690161,2,-33.3751295,-61.7115049
185,136,1,Venado Tuerto,-33.7455566,-61.9690161,11,-33.7447968,-61.9744751
188,131,1,Paraná,-31.743465,-60.508353,19,-33.4583964,-61.4862572
188,135,1,Paraná,-31.743465,-60.508353,1,-33.5659426,-62.8847199
194,117,1,Rafaela,-31.2547504,-61.528983,8,-31.203066,-61.479862
194,127,1,Rafaela,-31.2547504,-61.528983,8,-31.203066,-61.479862
195,117,1,Rafaela,-31.2547504,-61.528983,8,-31.203066,-61.479862
195,127,1,Rafaela,-31.2547504,-61.528983,8,-31.203066,-61.479862
200,110,1,Venado Tuerto,-33.7455566,-61.9690161,11,-33.7447968,-61.9744751
200,129,1,Venado Tuerto,-33.7455566,-61.9690161,9,-33.125976,-62.0942234
200,136,1,Venado Tuerto,-33.7455566,-61.9690161,11,-33.7447968,-61.9744751
205,112,1,Los Quirquinchos,-33.3751295,-61.7115049,19,-33.4583964,-61.4862572
205,113,1,Los Quirquinchos,-33.3751295,-61.7115049,20,-33.3244841,-62.0412914
205,114,1,Los Quirquinchos,-33.3751295,-61.7115049,2,-33.3751295,-61.7115049
205,116,1,Los Quirquinchos,-33.3751295,-61.7115049,1,-33.5659426,-62.8847199
205,120,1,Los Quirquinchos,-33.3751295,-61.7115049,19,-33.4583964,-61.4862572
205,126,1,Los Quirquinchos,-33.3751295,-61.7115049,12,-31.724134,-60.5364805
205,129,1,Los Quirquinchos,-33.3751295,-61.7115049,2,-33.3751295,-61.7115049
205,131,1,Los Quirquinchos,-33.3751295,-61.7115049,20,-33.3244841,-62.0412914
205,132,1,Los Quirquinchos,-33.3751295,-61.7115049,3,-33.5356733,-61.1287133
205,134,1,Los Quirquinchos,-33.3751295,-61.7115049,20,-33.3244841,-62.0412914
205,135,1,Los Quirquinchos,-33.3751295,-61.7115049,1,-33.5659426,-62.8847199
205,136,1,Los Quirquinchos,-33.3751295,-61.7115049,16,-33.7459475,-61.9638895
206,127,1,Los Quirquinchos,-33.3751295,-61.7115049,15,-31.5901238,-60.7289541
206,132,1,Los Quirquinchos,-33.3751295,-61.7115049,6,-33.700647,-61.6136698
210,120,1,Rufino,-34.2632375,-62.712828,20,-33.3244841,-62.0412914
215,113,1,Chañar Ladeado,-33.3244841,-62.0412914,20,-33.3244841,-62.0412914
217,118,1,Elortondo,-33.7011985,-61.6160889,6,-33.700647,-61.6136698
218,114,1,Paraná,-31.743465,-60.508353,2,-33.3751295,-61.7115049
218,116,1,Paraná,-31.743465,-60.508353,1,-33.5659426,-62.8847199
218,126,1,Paraná,-31.743465,-60.508353,12,-31.724134,-60.5364805
218,135,1,Paraná,-31.743465,-60.508353,1,-33.5659426,-62.8847199
229,110,1,Carcaraña,-32.8571864,-61.1578169,7,-33.7233238,-62.2456286
229,114,1,Carcaraña,-32.8571864,-61.1578169,2,-33.3751295,-61.7115049
229,120,1,Carcaraña,-32.8571864,-61.1578169,19,-33.4583964,-61.4862572
232,110,1,Canals,-33.5641591,-62.9071176,11,-33.7447968,-61.9744751
232,112,1,Canals,-33.5641591,-62.9071176,3,-33.5356733,-61.1287133
232,114,1,Canals,-33.5641591,-62.9071176,2,-33.3751295,-61.7115049
232,116,1,Canals,-33.5641591,-62.9071176,1,-33.5659426,-62.8847199
232,118,1,Canals,-33.5641591,-62.9071176,2,-33.3751295,-61.7115049
232,120,1,Canals,-33.5641591,-62.9071176,19,-33.4583964,-61.4862572
232,126,1,Canals,-33.5641591,-62.9071176,12,-31.724134,-60.5364805
232,131,1,Canals,-33.5641591,-62.9071176,20,-33.3244841,-62.0412914
232,134,1,Canals,-33.5641591,-62.9071176,20,-33.3244841,-62.0412914
232,136,1,Canals,-33.5641591,-62.9071176,16,-33.7459475,-61.9638895
233,110,1,Canals,-33.5641591,-62.9071176,11,-33.7447968,-61.9744751
233,114,1,Canals,-33.5641591,-62.9071176,2,-33.3751295,-61.7115049
233,116,1,Canals,-33.5641591,-62.9071176,1,-33.5659426,-62.8847199
233,135,1,Canals,-33.5641591,-62.9071176,1,-33.5659426,-62.8847199
237,110,1,Venado Tuerto,-33.7455566,-61.9690161,7,-33.7233238,-62.2456286
237,112,1,Venado Tuerto,-33.7455566,-61.9690161,19,-33.4583964,-61.4862572
237,136,1,Venado Tuerto,-33.7455566,-61.9690161,16,-33.7459475,-61.9638895
239,120,1,Los Quirquinchos,-33.3751295,-61.7115049,2,-33.3751295,-61.7115049
242,116,1,Los Quirquinchos,-33.3751295,-61.7115049,1,-33.5659426,-62.8847199
242,129,1,Los Quirquinchos,-33.3751295,-61.7115049,2,-33.3751295,-61.7115049
242,131,1,Los Quirquinchos,-33.3751295,-61.7115049,20,-33.3244841,-62.0412914
242,132,1,Los Quirquinchos,-33.3751295,-61.7115049,3,-33.5356733,-61.1287133
242,133,1,Los Quirquinchos,-33.3751295,-61.7115049,6,-33.700647,-61.6136698
242,134,1,Los Quirquinchos,-33.3751295,-61.7115049,20,-33.3244841,-62.0412914
242,135,1,Los Quirquinchos,-33.3751295,-61.7115049,1,-33.5659426,-62.8847199
242,136,1,Los Quirquinchos,-33.3751295,-61.7115049,16,-33.7459475,-61.9638895
243,126,1,Rafaela,-31.2547504,-61.528983,15,-31.5901238,-60.7289541
245,110,1,Paraná,-31.743465,-60.508353,16,-33.7459475,-61.9638895
245,111,1,Paraná,-31.743465,-60.508353,12,-31.724134,-60.5364805
245,118,1,Paraná,-31.743465,-60.508353,16,-33.7459475,-61.9638895
245,126,1,Paraná,-31.743465,-60.508353,10,-31.6148752,-60.7866541
245,127,1,Paraná,-31.743465,-60.508353,8,-31.203066,-61.479862
245,131,1,Paraná,-31.743465,-60.508353,19,-33.4583964,-61.4862572
245,133,1,Paraná,-31.743465,-60.508353,16,-33.7459475,-61.9638895
245,136,1,Paraná,-31.743465,-60.508353,7,-33.7233238,-62.2456286
246,110,1,Paraná,-31.743465,-60.508353,16,-33.7459475,-61.9638895
246,111,1,Paraná,-31.743465,-60.508353,12,-31.724134,-60.5364805
246,116,1,Paraná,-31.743465,-60.508353,1,-33.5659426,-62.8847199
246,118,1,Paraná,-31.743465,-60.508353,16,-33.7459475,-61.9638895
246,120,1,Paraná,-31.743465,-60.508353,2,-33.3751295,-61.7115049
246,126,1,Paraná,-31.743465,-60.508353,10,-31.6148752,-60.7866541
246,127,1,Paraná,-31.743465,-60.508353,8,-31.203066,-61.479862
246,131,1,Paraná,-31.743465,-60.508353,19,-33.4583964,-61.4862572
246,135,1,Paraná,-31.743465,-60.508353,1,-33.5659426,-62.8847199
246,136,1,Paraná,-31.743465,-60.508353,7,-33.7233238,-62.2456286
253,113,1,Los Quirquinchos,-33.3751295,-61.7115049,20,-33.3244841,-62.0412914
253,114,1,Los Quirquinchos,-33.3751295,-61.7115049,2,-33.3751295,-61.7115049
253,118,1,Los Quirquinchos,-33.3751295,-61.7115049,2,-33.3751295,-61.7115049
253,129,1,Los Quirquinchos,-33.3751295,-61.7115049,2,-33.3751295,-61.7115049
253,131,1,Los Quirquinchos,-33.3751295,-61.7115049,20,-33.3244841,-62.0412914
253,132,1,Los Quirquinchos,-33.3751295,-61.7115049,3,-33.5356733,-61.1287133
253,135,1,Los Quirquinchos,-33.3751295,-61.7115049,1,-33.5659426,-62.8847199
253,136,1,Los Quirquinchos,-33.3751295,-61.7115049,16,-33.7459475,-61.9638895
263,113,1,Los Quirquinchos,-33.3751295,-61.7115049,2,-33.3751295,-61.7115049
263,114,1,Los Quirquinchos,-33.3751295,-61.7115049,19,-33.4583964,-61.4862572
263,116,1,Los Quirquinchos,-33.3751295,-61.7115049,1,-33.5659426,-62.8847199
263,120,1,Los Quirquinchos,-33.3751295,-61.7115049,20,-33.3244841,-62.0412914
263,129,1,Los Quirquinchos,-33.3751295,-61.7115049,9,-33.125976,-62.0942234
263,131,1,Los Quirquinchos,-33.3751295,-61.7115049,2,-33.3751295,-61.7115049
264,116,1,Villa Carlos Paz,-31.4207828,-64.4992141,1,-33.5659426,-62.8847199
268,131,1,Carcaraña,-32.8571864,-61.1578169,2,-33.3751295,-61.7115049
271,117,1,Rafaela,-31.2547504,-61.528983,8,-31.203066,-61.479862
271,126,1,Rafaela,-31.2547504,-61.528983,15,-31.5901238,-60.7289541
272,117,1,Rafaela,-31.2547504,-61.528983,8,-31.203066,-61.479862
272,126,1,Rafaela,-31.2547504,-61.528983,12,-31.724134,-60.5364805
272,127,1,Rafaela,-31.2547504,-61.528983,8,-31.203066,-61.479862
277,113,1,Los Quirquinchos,-33.3751295,-61.7115049,2,-33.3751295,-61.7115049
277,114,1,Los Quirquinchos,-33.3751295,-61.7115049,19,-33.4583964,-61.4862572
277,120,1,Los Quirquinchos,-33.3751295,-61.7115049,20,-33.3244841,-62.0412914
277,131,1,Los Quirquinchos,-33.3751295,-61.7115049,2,-33.3751295,-61.7115049
277,133,1,Los Quirquinchos,-33.3751295,-61.7115049,2,-33.3751295,-61.7115049
277,134,1,Los Quirquinchos,-33.3751295,-61.7115049,19,-33.4583964,-61.4862572
282,116,1,Cordoba,-31.3990547,-64.3590265,1,-33.5659426,-62.8847199
285,112,1,Corral de Bustos,-33.2838883,-62.1852877,3,-33.5356733,-61.1287133
285,113,1,Corral de Bustos,-33.2838883,-62.1852877,2,-33.3751295,-61.7115049
285,114,1,Corral de Bustos,-33.2838883,-62.1852877,19,-33.4583964,-61.4862572
285,116,1,Corral de Bustos,-33.2838883,-62.1852877,1,-33.5659426,-62.8847199
285,120,1,Corral de Bustos,-33.2838883,-62.1852877,20,-33.3244841,-62.0412914
285,129,1,Corral de Bustos,-33.2838883,-62.1852877,20,-33.3244841,-62.0412914
285,131,1,Corral de Bustos,-33.2838883,-62.1852877,19,-33.4583964,-61.4862572
285,136,1,Corral de Bustos,-33.2838883,-62.1852877,7,-33.7233238,-62.2456286
292,113,1,Los Quirquinchos,-33.3751295,-61.7115049,2,-33.3751295,-61.7115049
292,114,1,Los Quirquinchos,-33.3751295,-61.7115049,19,-33.4583964,-61.4862572
292,117,1,Los Quirquinchos,-33.3751295,-61.7115049,8,-31.203066,-61.479862
292,118,1,Los Quirquinchos,-33.3751295,-61.7115049,6,-33.700647,-61.6136698
292,120,1,Los Quirquinchos,-33.3751295,-61.7115049,20,-33.3244841,-62.0412914
292,129,1,Los Quirquinchos,-33.3751295,-61.7115049,9,-33.125976,-62.0942234
292,131,1,Los Quirquinchos,-33.3751295,-61.7115049,2,-33.3751295,-61.7115049
292,133,1,Los Quirquinchos,-33.3751295,-61.7115049,2,-33.3751295,-61.7115049
292,136,1,Los Quirquinchos,-33.3751295,-61.7115049,11,-33.7447968,-61.9744751
293,113,1,Los Quirquinchos,-33.3751295,-61.7115049,2,-33.3751295,-61.7115049
293,114,1,Los Quirquinchos,-33.3751295,-61.7115049,19,-33.4583964,-61.4862572
293,116,1,Los Quirquinchos,-33.3751295,-61.7115049,1,-33.5659426,-62.8847199
293,118,1,Los Quirquinchos,-33.3751295,-61.7115049,6,-33.700647,-61.6136698
293,120,1,Los Quirquinchos,-33.3751295,-61.7115049,20,-33.3244841,-62.0412914
293,131,1,Los Quirquinchos,-33.3751295,-61.7115049,2,-33.3751295,-61.7115049
293,132,1,Los Quirquinchos,-33.3751295,-61.7115049,6,-33.700647,-61.6136698
293,133,1,Los Quirquinchos,-33.3751295,-61.7115049,2,-33.3751295,-61.7115049
293,135,1,Los Quirquinchos,-33.3751295,-61.7115049,1,-33.5659426,-62.8847199
293,136,1,Los Quirquinchos,-33.3751295,-61.7115049,11,-33.7447968,-61.9744751
296,111,1,Alcorta,-33.5389688,-61.124381,10,-31.6148752,-60.7866541
296,113,1,Alcorta,-33.5389688,-61.124381,2,-33.3751295,-61.7115049
296,114,1,Alcorta,-33.5389688,-61.124381,19,-33.4583964,-61.4862572
296,117,1,Alcorta,-33.5389688,-61.124381,8,-31.203066,-61.479862
296,118,1,Alcorta,-33.5389688,-61.124381,6,-33.700647,-61.6136698
296,126,1,Alcorta,-33.5389688,-61.124381,15,-31.5901238,-60.7289541
296,127,1,Alcorta,-33.5389688,-61.124381,15,-31.5901238,-60.7289541
296,129,1,Alcorta,-33.5389688,-61.124381,9,-33.125976,-62.0942234
296,131,1,Alcorta,-33.5389688,-61.124381,2,-33.3751295,-61.7115049
296,132,1,Alcorta,-33.5389688,-61.124381,6,-33.700647,-61.6136698
296,133,1,Alcorta,-33.5389688,-61.124381,2,-33.3751295,-61.7115049
296,136,1,Alcorta,-33.5389688,-61.124381,11,-33.7447968,-61.9744751
299,113,1,Los Quirquinchos,-33.3751295,-61.7115049,2,-33.3751295,-61.7115049
299,120,1,Los Quirquinchos,-33.3751295,-61.7115049,20,-33.3244841,-62.0412914
299,127,1,Los Quirquinchos,-33.3751295,-61.7115049,15,-31.5901238,-60.7289541
299,129,1,Los Quirquinchos,-33.3751295,-61.7115049,9,-33.125976,-62.0942234
299,131,1,Los Quirquinchos,-33.3751295,-61.7115049,2,-33.3751295,-61.7115049
299,132,1,Los Quirquinchos,-33.3751295,-61.7115049,6,-33.700647,-61.6136698
299,133,1,Los Quirquinchos,-33.3751295,-61.7115049,2,-33.3751295,-61.7115049
299,135,1,Los Quirquinchos,-33.3751295,-61.7115049,1,-33.5659426,-62.8847199
299,136,1,Los Quirquinchos,-33.3751295,-61.7115049,11,-33.7447968,-61.9744751
306,117,1,Los Quirquinchos,-33.3751295,-61.7115049,15,-31.5901238,-60.7289541
306,131,1,Los Quirquinchos,-33.3751295,-61.7115049,19,-33.4583964,-61.4862572
307,114,1,Los Quirquinchos,-33.3751295,-61.7115049,19,-33.4583964,-61.4862572
307,131,1,Los Quirquinchos,-33.3751295,-61.7115049,20,-33.3244841,-62.0412914
311,110,1,Venado Tuerto,-33.7455566,-61.9690161,7,-33.7233238,-62.2456286
311,112,1,Venado Tuerto,-33.7455566,-61.9690161,19,-33.4583964,-61.4862572
311,113,1,Venado Tuerto,-33.7455566,-61.9690161,20,-33.3244841,-62.0412914
311,114,1,Venado Tuerto,-33.7455566,-61.9690161,2,-33.3751295,-61.7115049
311,129,1,Venado Tuerto,-33.7455566,-61.9690161,2,-33.3751295,-61.7115049
311,136,1,Venado Tuerto,-33.7455566,-61.9690161,16,-33.7459475,-61.9638895
315,112,1,Santa Isabel,-33.8879026,-61.7131692,3,-33.5356733,-61.1287133
316,126,1,Paraná,-31.743465,-60.508353,12,-31.724134,-60.5364805
316,127,1,Paraná,-31.743465,-60.508353,15,-31.5901238,-60.7289541
325,118,1,Elortondo,-33.7011985,-61.6160889,6,-33.700647,-61.6136698
325,132,1,Elortondo,-33.7011985,-61.6160889,6,-33.700647,-61.6136698
327,114,1,Los Quirquinchos,-33.3751295,-61.7115049,19,-33.4583964,-61.4862572
327,131,1,Los Quirquinchos,-33.3751295,-61.7115049,2,-33.3751295,-61.7115049
327,133,1,Los Quirquinchos,-33.3751295,-61.7115049,2,-33.3751295,-61.7115049
329,113,1,Los Quirquinchos,-33.3751295,-61.7115049,2,-33.3751295,-61.7115049
329,120,1,Los Quirquinchos,-33.3751295,-61.7115049,20,-33.3244841,-62.0412914
331,114,1,Noetinger,-32.3637963,-62.3123776,2,-33.3751295,-61.7115049
332,114,1,Venado Tuerto,-33.7455566,-61.9690161,19,-33.4583964,-61.4862572
332,118,1,Venado Tuerto,-33.7455566,-61.9690161,6,-33.700647,-61.6136698
332,127,1,Venado Tuerto,-33.7455566,-61.9690161,15,-31.5901238,-60.7289541
332,131,1,Venado Tuerto,-33.7455566,-61.9690161,2,-33.3751295,-61.7115049
336,110,1,Venado Tuerto,-33.7455566,-61.9690161,11,-33.7447968,-61.9744751
336,136,1,Venado Tuerto,-33.7455566,-61.9690161,11,-33.7447968,-61.9744751
340,114,1,Casilda,-33.044522,-61.1650211,2,-33.3751295,-61.7115049
342,111,1,Paraná,-31.743465,-60.508353,10,-31.6148752,-60.7866541
342,112,1,Paraná,-31.743465,-60.508353,19,-33.4583964,-61.4862572
342,113,1,Paraná,-31.743465,-60.508353,20,-33.3244841,-62.0412914
342,114,1,Paraná,-31.743465,-60.508353,19,-33.4583964,-61.4862572
342,116,1,Paraná,-31.743465,-60.508353,1,-33.5659426,-62.8847199
342,127,1,Paraná,-31.743465,-60.508353,15,-31.5901238,-60.7289541
344,113,1,Los Quirquinchos,-33.3751295,-61.7115049,2,-33.3751295,-61.7115049
349,132,1,Alcorta,-33.5389688,-61.124381,3,-33.5356733,-61.1287133
357,112,1,Venado Tuerto,-33.7455566,-61.9690161,19,-33.4583964,-61.4862572
357,136,1,Venado Tuerto,-33.7455566,-61.9690161,16,-33.7459475,-61.9638895
366,110,1,Alcorta,-33.5389688,-61.124381,7,-33.7233238,-62.2456286
366,112,1,Alcorta,-33.5389688,-61.124381,19,-33.4583964,-61.4862572
366,113,1,Alcorta,-33.5389688,-61.124381,20,-33.3244841,-62.0412914
366,114,1,Alcorta,-33.5389688,-61.124381,2,-33.3751295,-61.7115049
366,116,1,Alcorta,-33.5389688,-61.124381,1,-33.5659426,-62.8847199
366,117,1,Alcorta,-33.5389688,-61.124381,8,-31.203066,-61.479862
366,118,1,Alcorta,-33.5389688,-61.124381,2,-33.3751295,-61.7115049
366,120,1,Alcorta,-33.5389688,-61.124381,19,-33.4583964,-61.4862572
366,126,1,Alcorta,-33.5389688,-61.124381,12,-31.724134,-60.5364805
366,127,1,Alcorta,-33.5389688,-61.124381,8,-31.203066,-61.479862
366,129,1,Alcorta,-33.5389688,-61.124381,2,-33.3751295,-61.7115049
366,131,1,Alcorta,-33.5389688,-61.124381,20,-33.3244841,-62.0412914
366,132,1,Alcorta,-33.5389688,-61.124381,3,-33.5356733,-61.1287133
366,133,1,Alcorta,-33.5389688,-61.124381,6,-33.700647,-61.6136698
366,134,1,Alcorta,-33.5389688,-61.124381,20,-33.3244841,-62.0412914
366,135,1,Alcorta,-33.5389688,-61.124381,1,-33.5659426,-62.8847199
366,136,1,Alcorta,-33.5389688,-61.124381,16,-33.7459475,-61.9638895
367,114,1,Chañar Ladeado,-33.3244841,-62.0412914,19,-33.4583964,-61.4862572
367,131,1,Chañar Ladeado,-33.3244841,-62.0412914,2,-33.3751295,-61.7115049
367,133,1,Chañar Ladeado,-33.3244841,-62.0412914,2,-33.3751295,-61.7115049
368,113,1,Chañar Ladeado,-33.3244841,-62.0412914,20,-33.3244841,-62.0412914
368,114,1,Chañar Ladeado,-33.3244841,-62.0412914,2,-33.3751295,-61.7115049
368,116,1,Chañar Ladeado,-33.3244841,-62.0412914,1,-33.5659426,-62.8847199
368,120,1,Chañar Ladeado,-33.3244841,-62.0412914,19,-33.4583964,-61.4862572
368,126,1,Chañar Ladeado,-33.3244841,-62.0412914,12,-31.724134,-60.5364805
368,127,1,Chañar Ladeado,-33.3244841,-62.0412914,8,-31.203066,-61.479862
368,136,1,Chañar Ladeado,-33.3244841,-62.0412914,16,-33.7459475,-61.9638895
370,118,1,Elortondo,-33.7011985,-61.6160889,6,-33.700647,-61.6136698
370,133,1,Elortondo,-33.7011985,-61.6160889,2,-33.3751295,-61.7115049
373,112,1,Firmat,-33.4583964,-61.4862572,19,-33.4583964,-61.4862572
373,116,1,Firmat,-33.4583964,-61.4862572,1,-33.5659426,-62.8847199
373,118,1,Firmat,-33.4583964,-61.4862572,2,-33.3751295,-61.7115049
373,129,1,Firmat,-33.4583964,-61.4862572,2,-33.3751295,-61.7115049
373,131,1,Firmat,-33.4583964,-61.4862572,20,-33.3244841,-62.0412914
373,132,1,Firmat,-33.4583964,-61.4862572,3,-33.5356733,-61.1287133
373,133,1,Firmat,-33.4583964,-61.4862572,6,-33.700647,-61.6136698
373,134,1,Firmat,-33.4583964,-61.4862572,20,-33.3244841,-62.0412914
374,120,1,Firmat,-33.4583964,-61.4862572,19,-33.4583964,-61.4862572
374,131,1,Firmat,-33.4583964,-61.4862572,20,-33.3244841,-62.0412914
374,134,1,Firmat,-33.4583964,-61.4862572,20,-33.3244841,-62.0412914
376,112,1,Casilda,-33.044522,-61.1650211,3,-33.5356733,-61.1287133
376,113,1,Casilda,-33.044522,-61.1650211,2,-33.3751295,-61.7115049
376,114,1,Casilda,-33.044522,-61.1650211,19,-33.4583964,-61.4862572
376,120,1,Casilda,-33.044522,-61.1650211,20,-33.3244841,-62.0412914
376,127,1,Casilda,-33.044522,-61.1650211,15,-31.5901238,-60.7289541
376,129,1,Casilda,-33.044522,-61.1650211,9,-33.125976,-62.0942234
376,131,1,Casilda,-33.044522,-61.1650211,2,-33.3751295,-61.7115049
376,133,1,Casilda,-33.044522,-61.1650211,2,-33.3751295,-61.7115049
376,134,1,Casilda,-33.044522,-61.1650211,19,-33.4583964,-61.4862572
376,135,1,Casilda,-33.044522,-61.1650211,1,-33.5659426,-62.8847199
376,136,1,Casilda,-33.044522,-61.1650211,11,-33.7447968,-61.9744751
377,111,1,Paraná,-31.743465,-60.508353,12,-31.724134,-60.5364805
377,116,1,Paraná,-31.743465,-60.508353,1,-33.5659426,-62.8847199
377,117,1,Paraná,-31.743465,-60.508353,15,-31.5901238,-60.7289541
379,114,1,Los Quirquinchos,-33.3751295,-61.7115049,19,-33.4583964,-61.4862572
379,131,1,Los Quirquinchos,-33.3751295,-61.7115049,2,-33.3751295,-61.7115049
380,113,1,Los Quirquinchos,-33.3751295,-61.7115049,2,-33.3751295,-61.7115049
380,114,1,Los Quirquinchos,-33.3751295,-61.7115049,19,-33.4583964,-61.4862572
380,118,1,Los Quirquinchos,-33.3751295,-61.7115049,6,-33.700647,-61.6136698
380,131,1,Los Quirquinchos,-33.3751295,-61.7115049,2,-33.3751295,-61.7115049
381,112,1,Elortondo,-33.7011985,-61.6160889,3,-33.5356733,-61.1287133
381,113,1,Elortondo,-33.7011985,-61.6160889,2,-33.3751295,-61.7115049
381,114,1,Elortondo,-33.7011985,-61.6160889,19,-33.4583964,-61.4862572
381,118,1,Elortondo,-33.7011985,-61.6160889,6,-33.700647,-61.6136698
381,120,1,Elortondo,-33.7011985,-61.6160889,20,-33.3244841,-62.0412914
381,133,1,Elortondo,-33.7011985,-61.6160889,2,-33.3751295,-61.7115049
381,136,1,Elortondo,-33.7011985,-61.6160889,11,-33.7447968,-61.9744751
385,113,1,Carreras,-33.5987518,-61.3199991,2,-33.3751295,-61.7115049
385,120,1,Carreras,-33.5987518,-61.3199991,20,-33.3244841,-62.0412914
385,129,1,Carreras,-33.5987518,-61.3199991,9,-33.125976,-62.0942234
385,131,1,Carreras,-33.5987518,-61.3199991,2,-33.3751295,-61.7115049
385,132,1,Carreras,-33.5987518,-61.3199991,6,-33.700647,-61.6136698
395,111,1,Rafaela,-31.2547504,-61.528983,12,-31.724134,-60.5364805
395,112,1,Rafaela,-31.2547504,-61.528983,6,-33.700647,-61.6136698
395,114,1,Rafaela,-31.2547504,-61.528983,20,-33.3244841,-62.0412914
395,117,1,Rafaela,-31.2547504,-61.528983,15,-31.5901238,-60.7289541
395,118,1,Rafaela,-31.2547504,-61.528983,16,-33.7459475,-61.9638895
395,126,1,Rafaela,-31.2547504,-61.528983,10,-31.6148752,-60.7866541
395,127,1,Rafaela,-31.2547504,-61.528983,8,-31.203066,-61.479862
395,129,1,Rafaela,-31.2547504,-61.528983,20,-33.3244841,-62.0412914
395,131,1,Rafaela,-31.2547504,-61.528983,19,-33.4583964,-61.4862572
395,132,1,Rafaela,-31.2547504,-61.528983,6,-33.700647,-61.6136698
395,133,1,Rafaela,-31.2547504,-61.528983,16,-33.7459475,-61.9638895
395,134,1,Rafaela,-31.2547504,-61.528983,19,-33.4583964,-61.4862572
395,135,1,Rafaela,-31.2547504,-61.528983,1,-33.5659426,-62.8847199
395,136,1,Rafaela,-31.2547504,-61.528983,7,-33.7233238,-62.2456286
399,131,1,Los Surgentes,-32.9837015,-62.0215187,19,-33.4583964,-61.4862572
401,116,1,Canals,-33.5641591,-62.9071176,1,-33.5659426,-62.8847199
401,135,1,Canals,-33.5641591,-62.9071176,1,-33.5659426,-62.8847199
402,110,1,Paraná,-31.743465,-60.508353,16,-33.7459475,-61.9638895
402,111,1,Paraná,-31.743465,-60.508353,12,-31.724134,-60.5364805
402,112,1,Paraná,-31.743465,-60.508353,3,-33.5356733,-61.1287133
402,113,1,Paraná,-31.743465,-60.508353,2,-33.3751295,-61.7115049
402,114,1,Paraná,-31.743465,-60.508353,19,-33.4583964,-61.4862572
402,116,1,Paraná,-31.743465,-60.508353,1,-33.5659426,-62.8847199
402,117,1,Paraná,-31.743465,-60.508353,8,-31.203066,-61.479862
402,118,1,Paraná,-31.743465,-60.508353,6,-33.700647,-61.6136698
402,120,1,Paraná,-31.743465,-60.508353,20,-33.3244841,-62.0412914
402,127,1,Paraná,-31.743465,-60.508353,15,-31.5901238,-60.7289541
402,132,1,Paraná,-31.743465,-60.508353,3,-33.5356733,-61.1287133
402,133,1,Paraná,-31.743465,-60.508353,2,-33.3751295,-61.7115049
404,112,1,Alcorta,-33.5389688,-61.124381,3,-33.5356733,-61.1287133
404,132,1,Alcorta,-33.5389688,-61.124381,6,-33.700647,-61.6136698
405,110,1,Bell Ville,-32.6305078,-62.6888569,7,-33.7233238,-62.2456286
405,111,1,Bell Ville,-32.6305078,-62.6888569,10,-31.6148752,-60.7866541
405,112,1,Bell Ville,-32.6305078,-62.6888569,19,-33.4583964,-61.4862572
405,113,1,Bell Ville,-32.6305078,-62.6888569,20,-33.3244841,-62.0412914
405,114,1,Bell Ville,-32.6305078,-62.6888569,2,-33.3751295,-61.7115049
405,116,1,Bell Ville,-32.6305078,-62.6888569,1,-33.5659426,-62.8847199
405,117,1,Bell Ville,-32.6305078,-62.6888569,8,-31.203066,-61.479862
405,118,1,Bell Ville,-32.6305078,-62.6888569,2,-33.3751295,-61.7115049
405,120,1,Bell Ville,-32.6305078,-62.6888569,19,-33.4583964,-61.4862572
405,126,1,Bell Ville,-32.6305078,-62.6888569,12,-31.724134,-60.5364805
405,127,1,Bell Ville,-32.6305078,-62.6888569,8,-31.203066,-61.479862
405,129,1,Bell Ville,-32.6305078,-62.6888569,2,-33.3751295,-61.7115049
405,131,1,Bell Ville,-32.6305078,-62.6888569,20,-33.3244841,-62.0412914
405,132,1,Bell Ville,-32.6305078,-62.6888569,3,-33.5356733,-61.1287133
405,133,1,Bell Ville,-32.6305078,-62.6888569,6,-33.700647,-61.6136698
405,134,1,Bell Ville,-32.6305078,-62.6888569,20,-33.3244841,-62.0412914
405,135,1,Bell Ville,-32.6305078,-62.6888569,1,-33.5659426,-62.8847199
405,136,1,Bell Ville,-32.6305078,-62.6888569,16,-33.7459475,-61.9638895
409,117,1,Rafaela,-31.2547504,-61.528983,8,-31.203066,-61.479862
409,129,1,Rafaela,-31.2547504,-61.528983,9,-33.125976,-62.0942234
409,131,1,Rafaela,-31.2547504,-61.528983,2,-33.3751295,-61.7115049
413,127,1,Villa Carlos Paz,-31.4207828,-64.4992141,8,-31.203066,-61.479862
414,110,1,Los Quirquinchos,-33.3751295,-61.7115049,7,-33.7233238,-62.2456286
414,112,1,Los Quirquinchos,-33.3751295,-61.7115049,19,-33.4583964,-61.4862572
414,113,1,Los Quirquinchos,-33.3751295,-61.7115049,20,-33.3244841,-62.0412914
414,114,1,Los Quirquinchos,-33.3751295,-61.7115049,2,-33.3751295,-61.7115049
414,116,1,Los Quirquinchos,-33.3751295,-61.7115049,1,-33.5659426,-62.8847199
414,118,1,Los Quirquinchos,-33.3751295,-61.7115049,2,-33.3751295,-61.7115049
414,120,1,Los Quirquinchos,-33.3751295,-61.7115049,19,-33.4583964,-61.4862572
414,126,1,Los Quirquinchos,-33.3751295,-61.7115049,12,-31.724134,-60.5364805
414,127,1,Los Quirquinchos,-33.3751295,-61.7115049,8,-31.203066,-61.479862
414,129,1,Los Quirquinchos,-33.3751295,-61.7115049,2,-33.3751295,-61.7115049
414,131,1,Los Quirquinchos,-33.3751295,-61.7115049,20,-33.3244841,-62.0412914
414,132,1,Los Quirquinchos,-33.3751295,-61.7115049,3,-33.5356733,-61.1287133
414,133,1,Los Quirquinchos,-33.3751295,-61.7115049,6,-33.700647,-61.6136698
414,134,1,Los Quirquinchos,-33.3751295,-61.7115049,20,-33.3244841,-62.0412914
414,135,1,Los Quirquinchos,-33.3751295,-61.7115049,1,-33.5659426,-62.8847199
414,136,1,Los Quirquinchos,-33.3751295,-61.7115049,16,-33.7459475,-61.9638895
419,127,1,Paraná,-31.743465,-60.508353,15,-31.5901238,-60.7289541
420,114,1,Los Quirquinchos,-33.3751295,-61.7115049,20,-33.3244841,-62.0412914
420,131,1,Los Quirquinchos,-33.3751295,-61.7115049,19,-33.4583964,-61.4862572
420,134,1,Los Quirquinchos,-33.3751295,-61.7115049,2,-33.3751295,-61.7115049
429,110,1,Firmat,-33.4583964,-61.4862572,11,-33.7447968,-61.9744751
429,112,1,Firmat,-33.4583964,-61.4862572,3,-33.5356733,-61.1287133
429,113,1,Firmat,-33.4583964,-61.4862572,2,-33.3751295,-61.7115049
429,114,1,Firmat,-33.4583964,-61.4862572,19,-33.4583964,-61.4862572
429,118,1,Firmat,-33.4583964,-61.4862572,6,-33.700647,-61.6136698
429,120,1,Firmat,-33.4583964,-61.4862572,20,-33.3244841,-62.0412914
429,131,1,Firmat,-33.4583964,-61.4862572,2,-33.3751295,-61.7115049
429,132,1,Firmat,-33.4583964,-61.4862572,6,-33.700647,-61.6136698
429,134,1,Firmat,-33.4583964,-61.4862572,19,-33.4583964,-61.4862572
429,135,1,Firmat,-33.4583964,-61.4862572,1,-33.5659426,-62.8847199
429,136,1,Firmat,-33.4583964,-61.4862572,11,-33.7447968,-61.9744751
443,110,1,Firmat,-33.4583964,-61.4862572,16,-33.7459475,-61.9638895
443,113,1,Firmat,-33.4583964,-61.4862572,19,-33.4583964,-61.4862572
443,114,1,Firmat,-33.4583964,-61.4862572,20,-33.3244841,-62.0412914
443,118,1,Firmat,-33.4583964,-61.4862572,16,-33.7459475,-61.9638895
443,120,1,Firmat,-33.4583964,-61.4862572,2,-33.3751295,-61.7115049
443,126,1,Firmat,-33.4583964,-61.4862572,10,-31.6148752,-60.7866541
443,129,1,Firmat,-33.4583964,-61.4862572,9,-33.125976,-62.0942234
443,131,1,Firmat,-33.4583964,-61.4862572,2,-33.3751295,-61.7115049
443,133,1,Firmat,-33.4583964,-61.4862572,2,-33.3751295,-61.7115049
443,134,1,Firmat,-33.4583964,-61.4862572,19,-33.4583964,-61.4862572
444,113,1,Carcaraña,-32.8571864,-61.1578169,19,-33.4583964,-61.4862572
446,118,1,Carcaraña,-32.8571864,-61.1578169,16,-33.7459475,-61.9638895
446,134,1,Carcaraña,-32.8571864,-61.1578169,2,-33.3751295,-61.7115049
454,113,1,Camilo Aldao,-33.1263187,-62.095867,20,-33.3244841,-62.0412914
454,118,1,Camilo Aldao,-33.1263187,-62.095867,2,-33.3751295,-61.7115049
454,131,1,Camilo Aldao,-33.1263187,-62.095867,20,-33.3244841,-62.0412914
454,133,1,Camilo Aldao,-33.1263187,-62.095867,6,-33.700647,-61.6136698
455,112,1,Firmat,-33.4583964,-61.4862572,3,-33.5356733,-61.1287133
455,113,1,Firmat,-33.4583964,-61.4862572,2,-33.3751295,-61.7115049
455,118,1,Firmat,-33.4583964,-61.4862572,6,-33.700647,-61.6136698
455,120,1,Firmat,-33.4583964,-61.4862572,20,-33.3244841,-62.0412914
455,126,1,Firmat,-33.4583964,-61.4862572,15,-31.5901238,-60.7289541
455,129,1,Firmat,-33.4583964,-61.4862572,9,-33.125976,-62.0942234
455,131,1,Firmat,-33.4583964,-61.4862572,2,-33.3751295,-61.7115049
458,110,1,Elortondo,-33.7011985,-61.6160889,16,-33.7459475,-61.9638895
458,111,1,Elortondo,-33.7011985,-61.6160889,12,-31.724134,-60.5364805
458,112,1,Elortondo,-33.7011985,-61.6160889,6,-33.700647,-61.6136698
458,113,1,Elortondo,-33.7011985,-61.6160889,19,-33.4583964,-61.4862572
458,114,1,Elortondo,-33.7011985,-61.6160889,20,-33.3244841,-62.0412914
458,116,1,Elortondo,-33.7011985,-61.6160889,1,-33.5659426,-62.8847199
458,118,1,Elortondo,-33.7011985,-61.6160889,16,-33.7459475,-61.9638895
458,120,1,Elortondo,-33.7011985,-61.6160889,2,-33.3751295,-61.7115049
458,132,1,Elortondo,-33.7011985,-61.6160889,6,-33.700647,-61.6136698
458,133,1,Elortondo,-33.7011985,-61.6160889,16,-33.7459475,-61.9638895
458,136,1,Elortondo,-33.7011985,-61.6160889,7,-33.7233238,-62.2456286
462,111,1,Esperanza,-31.4443602,-60.9574676,12,-31.724134,-60.5364805
462,117,1,Esperanza,-31.4443602,-60.9574676,15,-31.5901238,-60.7289541
462,118,1,Esperanza,-31.4443602,-60.9574676,16,-33.7459475,-61.9638895
462,126,1,Esperanza,-31.4443602,-60.9574676,15,-31.5901238,-60.7289541
462,127,1,Esperanza,-31.4443602,-60.9574676,15,-31.5901238,-60.7289541
462,129,1,Esperanza,-31.4443602,-60.9574676,9,-33.125976,-62.0942234
462,131,1,Esperanza,-31.4443602,-60.9574676,2,-33.3751295,-61.7115049
462,133,1,Esperanza,-31.4443602,-60.9574676,2,-33.3751295,-61.7115049
462,134,1,Esperanza,-31.4443602,-60.9574676,19,-33.4583964,-61.4862572
462,136,1,Esperanza,-31.4443602,-60.9574676,11,-33.7447968,-61.9744751
467,111,1,Rafaela,-31.2547504,-61.528983,12,-31.724134,-60.5364805
467,112,1,Rafaela,-31.2547504,-61.528983,3,-33.5356733,-61.1287133
467,113,1,Rafaela,-31.2547504,-61.528983,20,-33.3244841,-62.0412914
467,117,1,Rafaela,-31.2547504,-61.528983,8,-31.203066,-61.479862
467,120,1,Rafaela,-31.2547504,-61.528983,19,-33.4583964,-61.4862572
467,129,1,Rafaela,-31.2547504,-61.528983,2,-33.3751295,-61.7115049
468,117,1,Rafaela,-31.2547504,-61.528983,15,-31.5901238,-60.7289541
470,118,1,Elortondo,-33.7011985,-61.6160889,6,-33.700647,-61.6136698
472,110,1,Firmat,-33.4583964,-61.4862572,11,-33.7447968,-61.9744751
472,113,1,Firmat,-33.4583964,-61.4862572,2,-33.3751295,-61.7115049
472,129,1,Firmat,-33.4583964,-61.4862572,9,-33.125976,-62.0942234
472,131,1,Firmat,-33.4583964,-61.4862572,2,-33.3751295,-61.7115049
472,134,1,Firmat,-33.4583964,-61.4862572,19,-33.4583964,-61.4862572
472,136,1,Firmat,-33.4583964,-61.4862572,11,-33.7447968,-61.9744751
482,117,1,San Francisco,-31.4231068,-62.1344287,8,-31.203066,-61.479862
492,114,1,Los Quirquinchos,-33.3751295,-61.7115049,2,-33.3751295,-61.7115049
492,118,1,Los Quirquinchos,-33.3751295,-61.7115049,2,-33.3751295,-61.7115049
492,131,1,Los Quirquinchos,-33.3751295,-61.7115049,20,-33.3244841,-62.0412914
496,120,1,Bigand,-33.3723736,-61.1852951,2,-33.3751295,-61.7115049
496,132,1,Bigand,-33.3723736,-61.1852951,3,-33.5356733,-61.1287133
496,133,1,Bigand,-33.3723736,-61.1852951,16,-33.7459475,-61.9638895
496,134,1,Bigand,-33.3723736,-61.1852951,2,-33.3751295,-61.7115049
500,114,1,Canals,-33.5641591,-62.9071176,2,-33.3751295,-61.7115049
511,117,1,San Jorge (S. Fe),-31.8962582,-61.9040379,8,-31.203066,-61.479862
512,127,1,Villa Maria,-32.4191345,-63.2804197,8,-31.203066,-61.479862
516,111,1,Federal (E. Rios),-30.9512012,-58.7849549,10,-31.6148752,-60.7866541
520,114,1,Canals,-33.5641591,-62.9071176,2,-33.3751295,-61.7115049
520,116,1,Canals,-33.5641591,-62.9071176,1,-33.5659426,-62.8847199
520,120,1,Canals,-33.5641591,-62.9071176,19,-33.4583964,-61.4862572
520,131,1,Canals,-33.5641591,-62.9071176,20,-33.3244841,-62.0412914
520,135,1,Canals,-33.5641591,-62.9071176,1,-33.5659426,-62.8847199
521,135,1,Canals,-33.5641591,-62.9071176,1,-33.5659426,-62.8847199
526,112,1,Rufino,-34.2632375,-62.712828,6,-33.700647,-61.6136698
526,113,1,Rufino,-34.2632375,-62.712828,19,-33.4583964,-61.4862572
526,114,1,Rufino,-34.2632375,-62.712828,20,-33.3244841,-62.0412914
526,116,1,Rufino,-34.2632375,-62.712828,1,-33.5659426,-62.8847199
526,117,1,Rufino,-34.2632375,-62.712828,15,-31.5901238,-60.7289541
526,118,1,Rufino,-34.2632375,-62.712828,16,-33.7459475,-61.9638895
526,120,1,Rufino,-34.2632375,-62.712828,2,-33.3751295,-61.7115049
526,129,1,Rufino,-34.2632375,-62.712828,20,-33.3244841,-62.0412914
526,131,1,Rufino,-34.2632375,-62.712828,19,-33.4583964,-61.4862572
526,132,1,Rufino,-34.2632375,-62.712828,3,-33.5356733,-61.1287133
526,133,1,Rufino,-34.2632375,-62.712828,16,-33.7459475,-61.9638895
526,134,1,Rufino,-34.2632375,-62.712828,2,-33.3751295,-61.7115049
526,135,1,Rufino,-34.2632375,-62.712828,1,-33.5659426,-62.8847199
528,134,1,Casilda,-33.044522,-61.1650211,19,-33.4583964,-61.4862572
534,120,1,Canals,-33.5641591,-62.9071176,19,-33.4583964,-61.4862572
538,112,1,Alcorta,-33.5389688,-61.124381,3,-33.5356733,-61.1287133
538,114,1,Alcorta,-33.5389688,-61.124381,19,-33.4583964,-61.4862572
538,132,1,Alcorta,-33.5389688,-61.124381,6,-33.700647,-61.6136698
538,136,1,Alcorta,-33.5389688,-61.124381,11,-33.7447968,-61.9744751
539,133,1,Rufino,-34.2632375,-62.712828,16,-33.7459475,-61.9638895
542,113,1,Firmat,-33.4583964,-61.4862572,2,-33.3751295,-61.7115049
542,134,1,Firmat,-33.4583964,-61.4862572,19,-33.4583964,-61.4862572
543,113,1,Firmat,-33.4583964,-61.4862572,19,-33.4583964,-61.4862572
543,131,1,Firmat,-33.4583964,-61.4862572,19,-33.4583964,-61.4862572
544,112,1,Corral de Bustos,-33.2838883,-62.1852877,19,-33.4583964,-61.4862572
544,113,1,Corral de Bustos,-33.2838883,-62.1852877,20,-33.3244841,-62.0412914
544,116,1,Corral de Bustos,-33.2838883,-62.1852877,1,-33.5659426,-62.8847199
544,120,1,Corral de Bustos,-33.2838883,-62.1852877,19,-33.4583964,-61.4862572
544,129,1,Corral de Bustos,-33.2838883,-62.1852877,2,-33.3751295,-61.7115049
544,131,1,Corral de Bustos,-33.2838883,-62.1852877,20,-33.3244841,-62.0412914
544,133,1,Corral de Bustos,-33.2838883,-62.1852877,6,-33.700647,-61.6136698
544,134,1,Corral de Bustos,-33.2838883,-62.1852877,20,-33.3244841,-62.0412914
544,135,1,Corral de Bustos,-33.2838883,-62.1852877,1,-33.5659426,-62.8847199
546,112,1,Rufino,-34.2632375,-62.712828,6,-33.700647,-61.6136698
546,113,1,Rufino,-34.2632375,-62.712828,19,-33.4583964,-61.4862572
546,114,1,Rufino,-34.2632375,-62.712828,20,-33.3244841,-62.0412914
546,116,1,Rufino,-34.2632375,-62.712828,1,-33.5659426,-62.8847199
546,117,1,Rufino,-34.2632375,-62.712828,15,-31.5901238,-60.7289541
546,118,1,Rufino,-34.2632375,-62.712828,16,-33.7459475,-61.9638895
546,120,1,Rufino,-34.2632375,-62.712828,2,-33.3751295,-61.7115049
546,129,1,Rufino,-34.2632375,-62.712828,20,-33.3244841,-62.0412914
546,132,1,Rufino,-34.2632375,-62.712828,3,-33.5356733,-61.1287133
546,133,1,Rufino,-34.2632375,-62.712828,16,-33.7459475,-61.9638895
546,134,1,Rufino,-34.2632375,-62.712828,2,-33.3751295,-61.7115049
546,135,1,Rufino,-34.2632375,-62.712828,1,-33.5659426,-62.8847199
550,113,1,Firmat,-33.4583964,-61.4862572,19,-33.4583964,-61.4862572
551,111,1,Paraná,-31.743465,-60.508353,12,-31.724134,-60.5364805
551,126,1,Paraná,-31.743465,-60.508353,10,-31.6148752,-60.7866541
551,131,1,Paraná,-31.743465,-60.508353,19,-33.4583964,-61.4862572
552,131,1,Los Quirquinchos,-33.3751295,-61.7115049,19,-33.4583964,-61.4862572
552,134,1,Los Quirquinchos,-33.3751295,-61.7115049,2,-33.3751295,-61.7115049
553,110,1,Canals,-33.5641591,-62.9071176,16,-33.7459475,-61.9638895
553,112,1,Canals,-33.5641591,-62.9071176,6,-33.700647,-61.6136698
553,116,1,Canals,-33.5641591,-62.9071176,1,-33.5659426,-62.8847199
553,126,1,Canals,-33.5641591,-62.9071176,15,-31.5901238,-60.7289541
554,110,1,Canals,-33.5641591,-62.9071176,16,-33.7459475,-61.9638895
554,112,1,Canals,-33.5641591,-62.9071176,6,-33.700647,-61.6136698
554,116,1,Canals,-33.5641591,-62.9071176,1,-33.5659426,-62.8847199
554,118,1,Canals,-33.5641591,-62.9071176,6,-33.700647,-61.6136698
554,126,1,Canals,-33.5641591,-62.9071176,15,-31.5901238,-60.7289541
554,135,1,Canals,-33.5641591,-62.9071176,1,-33.5659426,-62.8847199
554,136,1,Canals,-33.5641591,-62.9071176,11,-33.7447968,-61.9744751
566,110,1,Paraná,-31.743465,-60.508353,16,-33.7459475,-61.9638895
569,111,1,Paraná,-31.743465,-60.508353,12,-31.724134,-60.5364805
569,112,1,Paraná,-31.743465,-60.508353,3,-33.5356733,-61.1287133
569,114,1,Paraná,-31.743465,-60.508353,19,-33.4583964,-61.4862572
569,116,1,Paraná,-31.743465,-60.508353,1,-33.5659426,-62.8847199
569,117,1,Paraná,-31.743465,-60.508353,8,-31.203066,-61.479862
569,118,1,Paraná,-31.743465,-60.508353,6,-33.700647,-61.6136698
569,120,1,Paraná,-31.743465,-60.508353,20,-33.3244841,-62.0412914
571,112,1,Canals,-33.5641591,-62.9071176,3,-33.5356733,-61.1287133
571,116,1,Canals,-33.5641591,-62.9071176,1,-33.5659426,-62.8847199
571,126,1,Canals,-33.5641591,-62.9071176,15,-31.5901238,-60.7289541
573,110,1,Canals,-33.5641591,-62.9071176,16,-33.7459475,-61.9638895
573,116,1,Canals,-33.5641591,-62.9071176,1,-33.5659426,-62.8847199
573,135,1,Canals,-33.5641591,-62.9071176,1,-33.5659426,-62.8847199
584,110,1,Corral de Bustos,-33.2838883,-62.1852877,11,-33.7447968,-61.9744751
584,112,1,Corral de Bustos,-33.2838883,-62.1852877,3,-33.5356733,-61.1287133
584,113,1,Corral de Bustos,-33.2838883,-62.1852877,2,-33.3751295,-61.7115049
584,129,1,Corral de Bustos,-33.2838883,-62.1852877,9,-33.125976,-62.0942234
585,110,1,Aldao,-32.7125771,-60.8201617,7,-33.7233238,-62.2456286
585,111,1,Aldao,-32.7125771,-60.8201617,10,-31.6148752,-60.7866541
585,112,1,Aldao,-32.7125771,-60.8201617,19,-33.4583964,-61.4862572
585,113,1,Aldao,-32.7125771,-60.8201617,20,-33.3244841,-62.0412914
585,114,1,Aldao,-32.7125771,-60.8201617,2,-33.3751295,-61.7115049
585,116,1,Aldao,-32.7125771,-60.8201617,1,-33.5659426,-62.8847199
585,117,1,Aldao,-32.7125771,-60.8201617,8,-31.203066,-61.479862
585,118,1,Aldao,-32.7125771,-60.8201617,2,-33.3751295,-61.7115049
585,120,1,Aldao,-32.7125771,-60.8201617,19,-33.4583964,-61.4862572
587,110,1,Venado Tuerto,-33.7455566,-61.9690161,11,-33.7447968,-61.9744751
587,136,1,Venado Tuerto,-33.7455566,-61.9690161,11,-33.7447968,-61.9744751
589,116,1,Canals,-33.5641591,-62.9071176,1,-33.5659426,-62.8847199
589,129,1,Canals,-33.5641591,-62.9071176,9,-33.125976,-62.0942234
589,131,1,Canals,-33.5641591,-62.9071176,2,-33.3751295,-61.7115049
589,132,1,Canals,-33.5641591,-62.9071176,6,-33.700647,-61.6136698
589,134,1,Canals,-33.5641591,-62.9071176,19,-33.4583964,-61.4862572
589,135,1,Canals,-33.5641591,-62.9071176,1,-33.5659426,-62.8847199
589,136,1,Canals,-33.5641591,-62.9071176,7,-33.7233238,-62.2456286
590,116,1,Canals,-33.5641591,-62.9071176,1,-33.5659426,-62.8847199
592,116,1,Canals,-33.5641591,-62.9071176,1,-33.5659426,-62.8847199
592,118,1,Canals,-33.5641591,-62.9071176,2,-33.3751295,-61.7115049
592,131,1,Canals,-33.5641591,-62.9071176,20,-33.3244841,-62.0412914
592,135,1,Canals,-33.5641591,-62.9071176,1,-33.5659426,-62.8847199
594,131,1,Carcaraña,-32.8571864,-61.1578169,19,-33.4583964,-61.4862572
597,110,1,Firmat,-33.4583964,-61.4862572,16,-33.7459475,-61.9638895
597,113,1,Firmat,-33.4583964,-61.4862572,19,-33.4583964,-61.4862572
597,114,1,Firmat,-33.4583964,-61.4862572,20,-33.3244841,-62.0412914
602,117,1,Rafaela,-31.2547504,-61.528983,15,-31.5901238,-60.7289541
602,118,1,Rafaela,-31.2547504,-61.528983,16,-33.7459475,-61.9638895
604,131,1,Carcaraña,-32.8571864,-61.1578169,19,-33.4583964,-61.4862572
604,134,1,Carcaraña,-32.8571864,-61.1578169,2,-33.3751295,-61.7115049
605,111,1,San Benito (Entre Rios),-31.7824593,-60.4393005,12,-31.724134,-60.5364805
605,126,1,San Benito (Entre Rios),-31.7824593,-60.4393005,10,-31.6148752,-60.7866541
607,110,1,Aldao,-32.7125771,-60.8201617,16,-33.7459475,-61.9638895
607,111,1,Aldao,-32.7125771,-60.8201617,12,-31.724134,-60.5364805
607,112,1,Aldao,-32.7125771,-60.8201617,6,-33.700647,-61.6136698
607,113,1,Aldao,-32.7125771,-60.8201617,19,-33.4583964,-61.4862572
607,114,1,Aldao,-32.7125771,-60.8201617,20,-33.3244841,-62.0412914
607,116,1,Aldao,-32.7125771,-60.8201617,1,-33.5659426,-62.8847199
607,117,1,Aldao,-32.7125771,-60.8201617,15,-31.5901238,-60.7289541
607,118,1,Aldao,-32.7125771,-60.8201617,16,-33.7459475,-61.9638895
607,120,1,Aldao,-32.7125771,-60.8201617,2,-33.3751295,-61.7115049
608,110,1,Maggiolo,-33.7247131,-62.2469973,11,-33.7447968,-61.9744751
609,129,1,Marcos Juarez,-32.6978556,-62.1057979,20,-33.3244841,-62.0412914
609,131,1,Marcos Juarez,-32.6978556,-62.1057979,19,-33.4583964,-61.4862572
609,133,1,Marcos Juarez,-32.6978556,-62.1057979,16,-33.7459475,-61.9638895
613,118,1,Venado Tuerto,-33.7455566,-61.9690161,16,-33.7459475,-61.9638895
613,136,1,Venado Tuerto,-33.7455566,-61.9690161,7,-33.7233238,-62.2456286
614,110,1,Los Quirquinchos,-33.3751295,-61.7115049,16,-33.7459475,-61.9638895
614,112,1,Los Quirquinchos,-33.3751295,-61.7115049,6,-33.700647,-61.6136698
614,113,1,Los Quirquinchos,-33.3751295,-61.7115049,19,-33.4583964,-61.4862572
614,114,1,Los Quirquinchos,-33.3751295,-61.7115049,20,-33.3244841,-62.0412914
614,117,1,Los Quirquinchos,-33.3751295,-61.7115049,15,-31.5901238,-60.7289541
614,118,1,Los Quirquinchos,-33.3751295,-61.7115049,16,-33.7459475,-61.9638895
614,120,1,Los Quirquinchos,-33.3751295,-61.7115049,2,-33.3751295,-61.7115049
614,126,1,Los Quirquinchos,-33.3751295,-61.7115049,10,-31.6148752,-60.7866541
614,129,1,Los Quirquinchos,-33.3751295,-61.7115049,20,-33.3244841,-62.0412914
614,131,1,Los Quirquinchos,-33.3751295,-61.7115049,19,-33.4583964,-61.4862572
614,133,1,Los Quirquinchos,-33.3751295,-61.7115049,16,-33.7459475,-61.9638895
614,134,1,Los Quirquinchos,-33.3751295,-61.7115049,2,-33.3751295,-61.7115049
619,127,1,Humboldt (S. Fe),-31.3986785,-61.1006694,8,-31.203066,-61.479862
621,129,1,Rafaela,-31.2547504,-61.528983,20,-33.3244841,-62.0412914
626,111,1,Paraná,-31.743465,-60.508353,10,-31.6148752,-60.7866541
626,112,1,Paraná,-31.743465,-60.508353,19,-33.4583964,-61.4862572
626,113,1,Paraná,-31.743465,-60.508353,20,-33.3244841,-62.0412914
626,114,1,Paraná,-31.743465,-60.508353,2,-33.3751295,-61.7115049
626,116,1,Paraná,-31.743465,-60.508353,1,-33.5659426,-62.8847199
626,117,1,Paraná,-31.743465,-60.508353,8,-31.203066,-61.479862
626,126,1,Paraná,-31.743465,-60.508353,12,-31.724134,-60.5364805
627,111,1,Paraná,-31.743465,-60.508353,10,-31.6148752,-60.7866541
627,117,1,Paraná,-31.743465,-60.508353,8,-31.203066,-61.479862
627,126,1,Paraná,-31.743465,-60.508353,12,-31.724134,-60.5364805
632,110,1,Elortondo,-33.7011985,-61.6160889,16,-33.7459475,-61.9638895
632,133,1,Elortondo,-33.7011985,-61.6160889,16,-33.7459475,-61.9638895
632,135,1,Elortondo,-33.7011985,-61.6160889,1,-33.5659426,-62.8847199
633,132,1,Alcorta,-33.5389688,-61.124381,6,-33.700647,-61.6136698
637,113,1,Ucacha (Cordoba),-33.0305447,-63.5072215,20,-33.3244841,-62.0412914
637,132,1,Ucacha (Cordoba),-33.0305447,-63.5072215,3,-33.5356733,-61.1287133
638,110,1,Venado Tuerto,-33.7455566,-61.9690161,7,-33.7233238,-62.2456286
640,129,1,Acebal,-33.2411006,-60.8370004,9,-33.125976,-62.0942234
640,131,1,Acebal,-33.2411006,-60.8370004,2,-33.3751295,-61.7115049
640,132,1,Acebal,-33.2411006,-60.8370004,6,-33.700647,-61.6136698
640,133,1,Acebal,-33.2411006,-60.8370004,2,-33.3751295,-61.7115049
640,134,1,Acebal,-33.2411006,-60.8370004,19,-33.4583964,-61.4862572
643,126,1,Diamante E. Rios,-32.0697098,-60.6378708,12,-31.724134,-60.5364805
644,126,1,Diamante E. Rios,-32.0697098,-60.6378708,12,-31.724134,-60.5364805
645,111,1,Paraná,-31.743465,-60.508353,12,-31.724134,-60.5364805
646,111,1,Paraná,-31.743465,-60.508353,12,-31.724134,-60.5364805
646,126,1,Paraná,-31.743465,-60.508353,15,-31.5901238,-60.7289541
647,113,1,Marcos Juarez,-32.6978556,-62.1057979,20,-33.3244841,-62.0412914
647,131,1,Marcos Juarez,-32.6978556,-62.1057979,20,-33.3244841,-62.0412914
648,111,1,Paraná,-31.743465,-60.508353,12,-31.724134,-60.5364805
653,127,1,Bella Italia,-31.2944231,-61.4478148,8,-31.203066,-61.479862
654,127,1,Rafaela,-31.2547504,-61.528983,8,-31.203066,-61.479862
656,110,1,Venado Tuerto,-33.7455566,-61.9690161,11,-33.7447968,-61.9744751
656,112,1,Venado Tuerto,-33.7455566,-61.9690161,3,-33.5356733,-61.1287133
656,118,1,Venado Tuerto,-33.7455566,-61.9690161,6,-33.700647,-61.6136698
660,110,1,Canals,-33.5641591,-62.9071176,16,-33.7459475,-61.9638895
661,110,1,Canals,-33.5641591,-62.9071176,16,-33.7459475,-61.9638895
662,116,1,Canals,-33.5641591,-62.9071176,1,-33.5659426,-62.8847199
664,132,1,Rosario,-32.9587022,-60.6930416,3,-33.5356733,-61.1287133
666,131,1,Marcos Juarez,-32.6978556,-62.1057979,2,-33.3751295,-61.7115049
669,111,1,Rosario,-32.9587022,-60.6930416,10,-31.6148752,-60.7866541
669,112,1,Rosario,-32.9587022,-60.6930416,19,-33.4583964,-61.4862572
669,113,1,Rosario,-32.9587022,-60.6930416,20,-33.3244841,-62.0412914
669,114,1,Rosario,-32.9587022,-60.6930416,2,-33.3751295,-61.7115049
669,116,1,Rosario,-32.9587022,-60.6930416,1,-33.5659426,-62.8847199
669,117,1,Rosario,-32.9587022,-60.6930416,8,-31.203066,-61.479862
669,126,1,Rosario,-32.9587022,-60.6930416,12,-31.724134,-60.5364805
674,113,1,Laborde,-33.1518907,-62.8763105,2,-33.3751295,-61.7115049
674,114,1,Laborde,-33.1518907,-62.8763105,19,-33.4583964,-61.4862572
674,116,1,Laborde,-33.1518907,-62.8763105,1,-33.5659426,-62.8847199
674,126,1,Laborde,-33.1518907,-62.8763105,15,-31.5901238,-60.7289541
674,129,1,Laborde,-33.1518907,-62.8763105,9,-33.125976,-62.0942234
674,131,1,Laborde,-33.1518907,-62.8763105,2,-33.3751295,-61.7115049
674,132,1,Laborde,-33.1518907,-62.8763105,6,-33.700647,-61.6136698
674,135,1,Laborde,-33.1518907,-62.8763105,1,-33.5659426,-62.8847199
674,136,1,Laborde,-33.1518907,-62.8763105,11,-33.7447968,-61.9744751
679,116,1,Canals,-33.5641591,-62.9071176,1,-33.5659426,-62.8847199
679,135,1,Canals,-33.5641591,-62.9071176,1,-33.5659426,-62.8847199
680,116,1,Canals,-33.5641591,-62.9071176,1,-33.5659426,-62.8847199
680,136,1,Canals,-33.5641591,-62.9071176,11,-33.7447968,-61.9744751
683,116,1,Santa Eufemia,-33.1762957,-63.2941798,1,-33.5659426,-62.8847199
684,116,1,Canals,-33.5641591,-62.9071176,1,-33.5659426,-62.8847199
685,116,1,Canals,-33.5641591,-62.9071176,1,-33.5659426,-62.8847199
687,116,1,Canals,-33.5641591,-62.9071176,1,-33.5659426,-62.8847199
690,116,1,Canals,-33.5641591,-62.9071176,1,-33.5659426,-62.8847199
692,112,1,Santa Regina (Bs. As),-34.5470498,-63.1752306,6,-33.700647,-61.6136698
692,135,1,Santa Regina (Bs. As),-34.5470498,-63.1752306,1,-33.5659426,-62.8847199
694,113,1,Ucacha (Cordoba),-33.0305447,-63.5072215,19,-33.4583964,-61.4862572
694,116,1,Ucacha (Cordoba),-33.0305447,-63.5072215,1,-33.5659426,-62.8847199
694,132,1,Ucacha (Cordoba),-33.0305447,-63.5072215,3,-33.5356733,-61.1287133
694,135,1,Ucacha (Cordoba),-33.0305447,-63.5072215,1,-33.5659426,-62.8847199
696,110,1,Rufino,-34.2632375,-62.712828,16,-33.7459475,-61.9638895
696,120,1,Rufino,-34.2632375,-62.712828,2,-33.3751295,-61.7115049
697,110,1,Canals,-33.5641591,-62.9071176,11,-33.7447968,-61.9744751
697,116,1,Canals,-33.5641591,-62.9071176,1,-33.5659426,-62.8847199
697,135,1,Canals,-33.5641591,-62.9071176,1,-33.5659426,-62.8847199
698,113,1,Corral de Bustos,-33.2838883,-62.1852877,2,-33.3751295,-61.7115049
706,110,1,Firmat,-33.4583964,-61.4862572,16,-33.7459475,-61.9638895
706,113,1,Firmat,-33.4583964,-61.4862572,19,-33.4583964,-61.4862572
706,129,1,Firmat,-33.4583964,-61.4862572,20,-33.3244841,-62.0412914
706,134,1,Firmat,-33.4583964,-61.4862572,2,-33.3751295,-61.7115049
707,110,1,Rufino,-34.2632375,-62.712828,16,-33.7459475,-61.9638895
707,131,1,Rufino,-34.2632375,-62.712828,19,-33.4583964,-61.4862572
707,133,1,Rufino,-34.2632375,-62.712828,16,-33.7459475,-61.9638895
707,135,1,Rufino,-34.2632375,-62.712828,1,-33.5659426,-62.8847199
714,110,1,Venado Tuerto,-33.7455566,-61.9690161,16,-33.7459475,-61.9638895
714,112,1,Venado Tuerto,-33.7455566,-61.9690161,6,-33.700647,-61.6136698
714,113,1,Venado Tuerto,-33.7455566,-61.9690161,2,-33.3751295,-61.7115049
714,114,1,Venado Tuerto,-33.7455566,-61.9690161,19,-33.4583964,-61.4862572
714,129,1,Venado Tuerto,-33.7455566,-61.9690161,9,-33.125976,-62.0942234
714,132,1,Venado Tuerto,-33.7455566,-61.9690161,6,-33.700647,-61.6136698
714,136,1,Venado Tuerto,-33.7455566,-61.9690161,11,-33.7447968,-61.9744751
716,113,1,Firmat,-33.4583964,-61.4862572,19,-33.4583964,-61.4862572
717,110,1,Venado Tuerto,-33.7455566,-61.9690161,11,-33.7447968,-61.9744751
717,112,1,Venado Tuerto,-33.7455566,-61.9690161,3,-33.5356733,-61.1287133
717,113,1,Venado Tuerto,-33.7455566,-61.9690161,2,-33.3751295,-61.7115049
717,114,1,Venado Tuerto,-33.7455566,-61.9690161,19,-33.4583964,-61.4862572
717,116,1,Venado Tuerto,-33.7455566,-61.9690161,1,-33.5659426,-62.8847199
717,136,1,Venado Tuerto,-33.7455566,-61.9690161,11,-33.7447968,-61.9744751
719,113,1,Firmat,-33.4583964,-61.4862572,19,-33.4583964,-61.4862572
720,113,1,Firmat,-33.4583964,-61.4862572,2,-33.3751295,-61.7115049
721,111,1,Paraná,-31.743465,-60.508353,12,-31.724134,-60.5364805
721,113,1,Paraná,-31.743465,-60.508353,2,-33.3751295,-61.7115049
721,114,1,Paraná,-31.743465,-60.508353,19,-33.4583964,-61.4862572
721,116,1,Paraná,-31.743465,-60.508353,1,-33.5659426,-62.8847199
721,117,1,Paraná,-31.743465,-60.508353,15,-31.5901238,-60.7289541
721,126,1,Paraná,-31.743465,-60.508353,15,-31.5901238,-60.7289541
722,110,1,Rufino,-34.2632375,-62.712828,16,-33.7459475,-61.9638895
723,113,1,Rosario,-32.9587022,-60.6930416,19,-33.4583964,-61.4862572
723,114,1,Rosario,-32.9587022,-60.6930416,20,-33.3244841,-62.0412914
723,120,1,Rosario,-32.9587022,-60.6930416,2,-33.3751295,-61.7115049
723,129,1,Rosario,-32.9587022,-60.6930416,20,-33.3244841,-62.0412914
725,116,1,Laborde,-33.1518907,-62.8763105,1,-33.5659426,-62.8847199
727,113,1,Etruria (Cordoba),-32.9391214,-63.2461019,19,-33.4583964,-61.4862572
731,112,1,Venado Tuerto,-33.7455566,-61.9690161,6,-33.700647,-61.6136698
731,118,1,Venado Tuerto,-33.7455566,-61.9690161,16,-33.7459475,-61.9638895
732,112,1,Venado Tuerto,-33.7455566,-61.9690161,6,-33.700647,-61.6136698
732,113,1,Venado Tuerto,-33.7455566,-61.9690161,2,-33.3751295,-61.7115049
732,129,1,Venado Tuerto,-33.7455566,-61.9690161,9,-33.125976,-62.0942234
733,110,1,Rafaela,-31.2547504,-61.528983,16,-33.7459475,-61.9638895
733,111,1,Rafaela,-31.2547504,-61.528983,12,-31.724134,-60.5364805
733,113,1,Rafaela,-31.2547504,-61.528983,19,-33.4583964,-61.4862572
733,114,1,Rafaela,-31.2547504,-61.528983,20,-33.3244841,-62.0412914
733,117,1,Rafaela,-31.2547504,-61.528983,15,-31.5901238,-60.7289541
733,118,1,Rafaela,-31.2547504,-61.528983,16,-33.7459475,-61.9638895
733,120,1,Rafaela,-31.2547504,-61.528983,2,-33.3751295,-61.7115049
733,126,1,Rafaela,-31.2547504,-61.528983,10,-31.6148752,-60.7866541
733,127,1,Rafaela,-31.2547504,-61.528983,8,-31.203066,-61.479862
733,129,1,Rafaela,-31.2547504,-61.528983,20,-33.3244841,-62.0412914
733,131,1,Rafaela,-31.2547504,-61.528983,2,-33.3751295,-61.7115049
733,132,1,Rafaela,-31.2547504,-61.528983,6,-33.700647,-61.6136698
733,133,1,Rafaela,-31.2547504,-61.528983,2,-33.3751295,-61.7115049
733,134,1,Rafaela,-31.2547504,-61.528983,19,-33.4583964,-61.4862572
733,135,1,Rafaela,-31.2547504,-61.528983,1,-33.5659426,-62.8847199
733,136,1,Rafaela,-31.2547504,-61.528983,7,-33.7233238,-62.2456286
736,111,1,Nogoyá,-32.3901919,-59.7931152,10,-31.6148752,-60.7866541
736,113,1,Nogoyá,-32.3901919,-59.7931152,20,-33.3244841,-62.0412914
736,118,1,Nogoyá,-32.3901919,-59.7931152,2,-33.3751295,-61.7115049
736,126,1,Nogoyá,-32.3901919,-59.7931152,12,-31.724134,-60.5364805
737,110,1,Venado Tuerto,-33.7455566,-61.9690161,16,-33.7459475,-61.9638895
737,114,1,Venado Tuerto,-33.7455566,-61.9690161,20,-33.3244841,-62.0412914
737,120,1,Venado Tuerto,-33.7455566,-61.9690161,2,-33.3751295,-61.7115049
737,133,1,Venado Tuerto,-33.7455566,-61.9690161,16,-33.7459475,-61.9638895
738,110,1,Venado Tuerto,-33.7455566,-61.9690161,11,-33.7447968,-61.9744751
738,136,1,Venado Tuerto,-33.7455566,-61.9690161,11,-33.7447968,-61.9744751
739,110,1,Venado Tuerto,-33.7455566,-61.9690161,7,-33.7233238,-62.2456286
740,110,1,Venado Tuerto,-33.7455566,-61.9690161,11,-33.7447968,-61.9744751
741,110,1,Venado Tuerto,-33.7455566,-61.9690161,16,-33.7459475,-61.9638895
742,110,1,Venado Tuerto,-33.7455566,-61.9690161,11,-33.7447968,-61.9744751
743,110,1,Firmat,-33.4583964,-61.4862572,16,-33.7459475,-61.9638895
744,110,1,Maggiolo,-33.7247131,-62.2469973,7,-33.7233238,-62.2456286
744,116,1,Maggiolo,-33.7247131,-62.2469973,1,-33.5659426,-62.8847199
745,110,1,Maggiolo,-33.7247131,-62.2469973,7,-33.7233238,-62.2456286
746,110,1,Maggiolo,-33.7247131,-62.2469973,7,-33.7233238,-62.2456286
747,111,1,Colastine,-31.6173202,-60.5993323,10,-31.6148752,-60.7866541
748,111,1,Paraná,-31.743465,-60.508353,12,-31.724134,-60.5364805
749,111,1,Paraná,-31.743465,-60.508353,12,-31.724134,-60.5364805
749,126,1,Paraná,-31.743465,-60.508353,10,-31.6148752,-60.7866541
750,111,1,Hasenkamp,-31.5120085,-59.836209,12,-31.724134,-60.5364805
750,117,1,Hasenkamp,-31.5120085,-59.836209,15,-31.5901238,-60.7289541
750,120,1,Hasenkamp,-31.5120085,-59.836209,2,-33.3751295,-61.7115049
750,126,1,Hasenkamp,-31.5120085,-59.836209,10,-31.6148752,-60.7866541
750,136,1,Hasenkamp,-31.5120085,-59.836209,7,-33.7233238,-62.2456286
751,111,1,Hasenkamp,-31.5120085,-59.836209,12,-31.724134,-60.5364805
751,117,1,Hasenkamp,-31.5120085,-59.836209,15,-31.5901238,-60.7289541
751,126,1,Hasenkamp,-31.5120085,-59.836209,10,-31.6148752,-60.7866541
752,111,1,Paraná,-31.743465,-60.508353,12,-31.724134,-60.5364805
753,111,1,Paraná,-31.743465,-60.508353,12,-31.724134,-60.5364805
754,112,1,Carreras,-33.5987518,-61.3199991,3,-33.5356733,-61.1287133
755,129,1,Calamuchita - Cordoba,-32.2714158,-64.6214281,20,-33.3244841,-62.0412914
755,131,1,Calamuchita - Cordoba,-32.2714158,-64.6214281,19,-33.4583964,-61.4862572
756,113,1,Rosario,-32.9587022,-60.6930416,2,-33.3751295,-61.7115049
756,114,1,Rosario,-32.9587022,-60.6930416,19,-33.4583964,-61.4862572
756,117,1,Rosario,-32.9587022,-60.6930416,8,-31.203066,-61.479862
756,118,1,Rosario,-32.9587022,-60.6930416,6,-33.700647,-61.6136698
756,120,1,Rosario,-32.9587022,-60.6930416,20,-33.3244841,-62.0412914
756,126,1,Rosario,-32.9587022,-60.6930416,15,-31.5901238,-60.7289541
756,127,1,Rosario,-32.9587022,-60.6930416,8,-31.203066,-61.479862
756,129,1,Rosario,-32.9587022,-60.6930416,2,-33.3751295,-61.7115049
756,131,1,Rosario,-32.9587022,-60.6930416,20,-33.3244841,-62.0412914
756,133,1,Rosario,-32.9587022,-60.6930416,6,-33.700647,-61.6136698
756,136,1,Rosario,-32.9587022,-60.6930416,11,-33.7447968,-61.9744751
759,116,1,Paraná,-31.743465,-60.508353,1,-33.5659426,-62.8847199
759,126,1,Paraná,-31.743465,-60.508353,15,-31.5901238,-60.7289541
760,135,1,Canals,-33.5641591,-62.9071176,1,-33.5659426,-62.8847199
761,116,1,Villa Carlos Paz,-31.4207828,-64.4992141,1,-33.5659426,-62.8847199
762,116,1,Villa Carlos Paz,-31.4207828,-64.4992141,1,-33.5659426,-62.8847199
762,118,1,Villa Carlos Paz,-31.4207828,-64.4992141,16,-33.7459475,-61.9638895
762,135,1,Villa Carlos Paz,-31.4207828,-64.4992141,1,-33.5659426,-62.8847199
764,116,1,Villa Carlos Paz,-31.4207828,-64.4992141,1,-33.5659426,-62.8847199
764,135,1,Villa Carlos Paz,-31.4207828,-64.4992141,1,-33.5659426,-62.8847199
765,113,1,Venado Tuerto,-33.7455566,-61.9690161,19,-33.4583964,-61.4862572
766,113,1,San Jose de la Esquina,-33.1130905,-61.7021942,19,-33.4583964,-61.4862572
766,114,1,San Jose de la Esquina,-33.1130905,-61.7021942,20,-33.3244841,-62.0412914
766,120,1,San Jose de la Esquina,-33.1130905,-61.7021942,2,-33.3751295,-61.7115049
766,126,1,San Jose de la Esquina,-33.1130905,-61.7021942,10,-31.6148752,-60.7866541
766,127,1,San Jose de la Esquina,-33.1130905,-61.7021942,8,-31.203066,-61.479862
766,129,1,San Jose de la Esquina,-33.1130905,-61.7021942,20,-33.3244841,-62.0412914
766,131,1,San Jose de la Esquina,-33.1130905,-61.7021942,19,-33.4583964,-61.4862572
766,132,1,San Jose de la Esquina,-33.1130905,-61.7021942,3,-33.5356733,-61.1287133
766,135,1,San Jose de la Esquina,-33.1130905,-61.7021942,1,-33.5659426,-62.8847199
766,136,1,San Jose de la Esquina,-33.1130905,-61.7021942,7,-33.7233238,-62.2456286
767,113,1,Firmat,-33.4583964,-61.4862572,19,-33.4583964,-61.4862572
767,120,1,Firmat,-33.4583964,-61.4862572,2,-33.3751295,-61.7115049
768,113,1,Firmat,-33.4583964,-61.4862572,19,-33.4583964,-61.4862572
769,113,1,Firmat,-33.4583964,-61.4862572,19,-33.4583964,-61.4862572
770,113,1,Firmat,-33.4583964,-61.4862572,19,-33.4583964,-61.4862572
770,118,1,Firmat,-33.4583964,-61.4862572,16,-33.7459475,-61.9638895
770,120,1,Firmat,-33.4583964,-61.4862572,2,-33.3751295,-61.7115049
771,114,1,Venado Tuerto,-33.7455566,-61.9690161,20,-33.3244841,-62.0412914
772,116,1,Rufino,-34.2632375,-62.712828,1,-33.5659426,-62.8847199
772,120,1,Rufino,-34.2632375,-62.712828,2,-33.3751295,-61.7115049
772,131,1,Rufino,-34.2632375,-62.712828,19,-33.4583964,-61.4862572
772,133,1,Rufino,-34.2632375,-62.712828,16,-33.7459475,-61.9638895
772,135,1,Rufino,-34.2632375,-62.712828,1,-33.5659426,-62.8847199
773,120,1,Rosario,-32.9587022,-60.6930416,2,-33.3751295,-61.7115049
778,116,1,Villa Carlos Paz,-31.4207828,-64.4992141,1,-33.5659426,-62.8847199
779,116,1,Canals,-33.5641591,-62.9071176,1,-33.5659426,-62.8847199
779,118,1,Canals,-33.5641591,-62.9071176,16,-33.7459475,-61.9638895
779,129,1,Canals,-33.5641591,-62.9071176,20,-33.3244841,-62.0412914
779,136,1,Canals,-33.5641591,-62.9071176,7,-33.7233238,-62.2456286
780,116,1,Canals,-33.5641591,-62.9071176,1,-33.5659426,-62.8847199
781,116,1,Cosquín,-31.2468127,-64.4703813,1,-33.5659426,-62.8847199
782,116,1,Canals,-33.5641591,-62.9071176,1,-33.5659426,-62.8847199
782,134,1,Canals,-33.5641591,-62.9071176,2,-33.3751295,-61.7115049
782,135,1,Canals,-33.5641591,-62.9071176,1,-33.5659426,-62.8847199
783,116,1,"El Palomar, Bs As",-34.6033433,-58.6744609,1,-33.5659426,-62.8847199
784,116,1,Paraná,-31.743465,-60.508353,1,-33.5659426,-62.8847199
786,117,1,San Francisco,-31.4231068,-62.1344287,8,-31.203066,-61.479862
787,117,1,Plaza Clucellas,-31.4333,-61.6833,8,-31.203066,-61.479862
788,117,1,Rafaela,-31.2547504,-61.528983,15,-31.5901238,-60.7289541
789,117,1,Rafaela,-31.2547504,-61.528983,15,-31.5901238,-60.7289541
790,117,1,San Carlos Centro,-31.733333333333,-61.1,8,-31.203066,-61.479862
791,117,1,Rafaela,-31.2547504,-61.528983,15,-31.5901238,-60.7289541
791,126,1,Rafaela,-31.2547504,-61.528983,10,-31.6148752,-60.7866541
791,127,1,Rafaela,-31.2547504,-61.528983,8,-31.203066,-61.479862
792,117,1,Paraná,-31.743465,-60.508353,8,-31.203066,-61.479862
792,126,1,Paraná,-31.743465,-60.508353,15,-31.5901238,-60.7289541
793,117,1,San Nicolas de los Arroyos,-33.333333333333,-60.216666666667,15,-31.5901238,-60.7289541
793,118,1,San Nicolas de los Arroyos,-33.333333333333,-60.216666666667,16,-33.7459475,-61.9638895
793,126,1,San Nicolas de los Arroyos,-33.333333333333,-60.216666666667,10,-31.6148752,-60.7866541
793,127,1,San Nicolas de los Arroyos,-33.333333333333,-60.216666666667,15,-31.5901238,-60.7289541
793,129,1,San Nicolas de los Arroyos,-33.333333333333,-60.216666666667,9,-33.125976,-62.0942234
793,132,1,San Nicolas de los Arroyos,-33.333333333333,-60.216666666667,6,-33.700647,-61.6136698
793,133,1,San Nicolas de los Arroyos,-33.333333333333,-60.216666666667,2,-33.3751295,-61.7115049
793,135,1,San Nicolas de los Arroyos,-33.333333333333,-60.216666666667,1,-33.5659426,-62.8847199
797,117,1,Rafaela,-31.2547504,-61.528983,15,-31.5901238,-60.7289541
797,126,1,Rafaela,-31.2547504,-61.528983,10,-31.6148752,-60.7866541
797,127,1,Rafaela,-31.2547504,-61.528983,15,-31.5901238,-60.7289541
798,118,1,Camilo Aldao,-33.1263187,-62.095867,16,-33.7459475,-61.9638895
798,136,1,Camilo Aldao,-33.1263187,-62.095867,7,-33.7233238,-62.2456286
799,118,1,Camilo Aldao,-33.1263187,-62.095867,16,-33.7459475,-61.9638895
799,131,1,Camilo Aldao,-33.1263187,-62.095867,19,-33.4583964,-61.4862572
799,136,1,Camilo Aldao,-33.1263187,-62.095867,7,-33.7233238,-62.2456286
800,118,1,Villa Cañas,-34.0042311,-61.6057322,6,-33.700647,-61.6136698
801,126,1,Rafaela,-31.2547504,-61.528983,10,-31.6148752,-60.7866541
801,127,1,Rafaela,-31.2547504,-61.528983,8,-31.203066,-61.479862
802,126,1,San Jose de la Esquina,-33.1130905,-61.7021942,10,-31.6148752,-60.7866541
803,126,1,Paraná,-31.743465,-60.508353,15,-31.5901238,-60.7289541
804,126,1,Paraná,-31.743465,-60.508353,10,-31.6148752,-60.7866541
804,127,1,Paraná,-31.743465,-60.508353,8,-31.203066,-61.479862
804,131,1,Paraná,-31.743465,-60.508353,19,-33.4583964,-61.4862572
804,136,1,Paraná,-31.743465,-60.508353,7,-33.7233238,-62.2456286
805,126,1,Hasenkamp,-31.5120085,-59.836209,10,-31.6148752,-60.7866541
806,126,1,Nogoyá,-32.3901919,-59.7931152,10,-31.6148752,-60.7866541
807,136,1,Venado Tuerto,-33.7455566,-61.9690161,16,-33.7459475,-61.9638895
808,136,1,Venado Tuerto,-33.7455566,-61.9690161,11,-33.7447968,-61.9744751
809,136,1,Venado Tuerto,-33.7455566,-61.9690161,11,-33.7447968,-61.9744751
810,132,1,Sancti Spiritu,-34.0088891,-62.2420028,6,-33.700647,-61.6136698
810,133,1,Sancti Spiritu,-34.0088891,-62.2420028,2,-33.3751295,-61.7115049
810,134,1,Sancti Spiritu,-34.0088891,-62.2420028,20,-33.3244841,-62.0412914
810,135,1,Sancti Spiritu,-34.0088891,-62.2420028,1,-33.5659426,-62.8847199
810,136,1,Sancti Spiritu,-34.0088891,-62.2420028,11,-33.7447968,-61.9744751
811,131,1,Firmat,-33.4583964,-61.4862572,20,-33.3244841,-62.0412914
811,132,1,Firmat,-33.4583964,-61.4862572,3,-33.5356733,-61.1287133
811,134,1,Firmat,-33.4583964,-61.4862572,20,-33.3244841,-62.0412914
811,136,1,Firmat,-33.4583964,-61.4862572,11,-33.7447968,-61.9744751
812,127,1,Rafaela,-31.2547504,-61.528983,8,-31.203066,-61.479862
813,127,1,Rafaela,-31.2547504,-61.528983,8,-31.203066,-61.479862
813,129,1,Rafaela,-31.2547504,-61.528983,20,-33.3244841,-62.0412914
814,127,1,Rafaela,-31.2547504,-61.528983,8,-31.203066,-61.479862
815,127,1,Rafaela,-31.2547504,-61.528983,8,-31.203066,-61.479862
816,127,1,Rafaela,-31.2547504,-61.528983,8,-31.203066,-61.479862
819,127,1,Los Quirquinchos,-33.3751295,-61.7115049,8,-31.203066,-61.479862
819,129,1,Los Quirquinchos,-33.3751295,-61.7115049,20,-33.3244841,-62.0412914
819,131,1,Los Quirquinchos,-33.3751295,-61.7115049,19,-33.4583964,-61.4862572
819,132,1,Los Quirquinchos,-33.3751295,-61.7115049,3,-33.5356733,-61.1287133
819,134,1,Los Quirquinchos,-33.3751295,-61.7115049,2,-33.3751295,-61.7115049
820,127,1,Villa Carlos Paz,-31.4207828,-64.4992141,8,-31.203066,-61.479862
821,127,1,Paraná,-31.743465,-60.508353,8,-31.203066,-61.479862
822,131,1,Rosario,-32.9587022,-60.6930416,2,-33.3751295,-61.7115049
828,129,1,Los Quirquinchos,-33.3751295,-61.7115049,20,-33.3244841,-62.0412914
828,131,1,Los Quirquinchos,-33.3751295,-61.7115049,19,-33.4583964,-61.4862572
828,132,1,Los Quirquinchos,-33.3751295,-61.7115049,3,-33.5356733,-61.1287133
828,133,1,Los Quirquinchos,-33.3751295,-61.7115049,16,-33.7459475,-61.9638895
828,134,1,Los Quirquinchos,-33.3751295,-61.7115049,2,-33.3751295,-61.7115049
829,129,1,Firmat,-33.4583964,-61.4862572,20,-33.3244841,-62.0412914
829,131,1,Firmat,-33.4583964,-61.4862572,19,-33.4583964,-61.4862572
829,134,1,Firmat,-33.4583964,-61.4862572,2,-33.3751295,-61.7115049
830,129,1,Chañar Ladeado,-33.3244841,-62.0412914,20,-33.3244841,-62.0412914
831,129,1,Plottier (Neuquén),-39.0058806,-68.3599016,20,-33.3244841,-62.0412914
832,129,1,Plottier (Neuquén),-39.0058806,-68.3599016,20,-33.3244841,-62.0412914
833,131,1,Carcaraña,-32.8571864,-61.1578169,19,-33.4583964,-61.4862572
833,134,1,Carcaraña,-32.8571864,-61.1578169,2,-33.3751295,-61.7115049
834,131,1,Rufino,-34.2632375,-62.712828,19,-33.4583964,-61.4862572
834,133,1,Rufino,-34.2632375,-62.712828,16,-33.7459475,-61.9638895
835,131,1,Rosario,-32.9587022,-60.6930416,19,-33.4583964,-61.4862572
836,131,1,Rosario,-32.9587022,-60.6930416,2,-33.3751295,-61.7115049
836,132,1,Rosario,-32.9587022,-60.6930416,6,-33.700647,-61.6136698
836,133,1,Rosario,-32.9587022,-60.6930416,2,-33.3751295,-61.7115049
837,131,1,Acebal,-33.2411006,-60.8370004,2,-33.3751295,-61.7115049
837,132,1,Acebal,-33.2411006,-60.8370004,6,-33.700647,-61.6136698
838,131,1,Firmat,-33.4583964,-61.4862572,19,-33.4583964,-61.4862572
838,132,1,Firmat,-33.4583964,-61.4862572,3,-33.5356733,-61.1287133
838,133,1,Firmat,-33.4583964,-61.4862572,16,-33.7459475,-61.9638895
838,134,1,Firmat,-33.4583964,-61.4862572,2,-33.3751295,-61.7115049
839,131,1,Firmat,-33.4583964,-61.4862572,19,-33.4583964,-61.4862572
839,133,1,Firmat,-33.4583964,-61.4862572,16,-33.7459475,-61.9638895
840,131,1,Los Quirquinchos,-33.3751295,-61.7115049,19,-33.4583964,-61.4862572
840,132,1,Los Quirquinchos,-33.3751295,-61.7115049,3,-33.5356733,-61.1287133
841,131,1,Chañar Ladeado,-33.3244841,-62.0412914,19,-33.4583964,-61.4862572
841,133,1,Chañar Ladeado,-33.3244841,-62.0412914,16,-33.7459475,-61.9638895
841,135,1,Chañar Ladeado,-33.3244841,-62.0412914,1,-33.5659426,-62.8847199
842,132,1,Rufino,-34.2632375,-62.712828,3,-33.5356733,-61.1287133
842,133,1,Rufino,-34.2632375,-62.712828,16,-33.7459475,-61.9638895
842,134,1,Rufino,-34.2632375,-62.712828,2,-33.3751295,-61.7115049
842,135,1,Rufino,-34.2632375,-62.712828,1,-33.5659426,-62.8847199
843,132,1,Colon (Bs. Aires),-33.8972729,-61.1145422,3,-33.5356733,-61.1287133
843,133,1,Colon (Bs. Aires),-33.8972729,-61.1145422,6,-33.700647,-61.6136698
843,134,1,Colon (Bs. Aires),-33.8972729,-61.1145422,20,-33.3244841,-62.0412914
843,135,1,Colon (Bs. Aires),-33.8972729,-61.1145422,1,-33.5659426,-62.8847199
844,132,1,Colon (Bs. Aires),-33.8972729,-61.1145422,3,-33.5356733,-61.1287133
845,132,1,Buchardo,-34.7233158,-63.5185962,6,-33.700647,-61.6136698
845,135,1,Buchardo,-34.7233158,-63.5185962,1,-33.5659426,-62.8847199
846,132,1,Bigand,-33.3723736,-61.1852951,3,-33.5356733,-61.1287133
846,134,1,Bigand,-33.3723736,-61.1852951,2,-33.3751295,-61.7115049
847,132,1,Bigand,-33.3723736,-61.1852951,3,-33.5356733,-61.1287133
849,133,1,Rufino,-34.2632375,-62.712828,16,-33.7459475,-61.9638895
850,133,1,Rufino,-34.2632375,-62.712828,16,-33.7459475,-61.9638895
851,134,1,Venado Tuerto,-33.7455566,-61.9690161,2,-33.3751295,-61.7115049
852,134,1,Rosario,-32.9587022,-60.6930416,2,-33.3751295,-61.7115049
853,134,1,Firmat,-33.4583964,-61.4862572,19,-33.4583964,-61.4862572
854,134,1,Chañar Ladeado,-33.3244841,-62.0412914,2,-33.3751295,-61.7115049
854,135,1,Chañar Ladeado,-33.3244841,-62.0412914,1,-33.5659426,-62.8847199
855,134,1,Los Quirquinchos,-33.3751295,-61.7115049,2,-33.3751295,-61.7115049
856,134,1,Los Quirquinchos,-33.3751295,-61.7115049,2,-33.3751295,-61.7115049
857,134,1,Los Quirquinchos,-33.3751295,-61.7115049,2,-33.3751295,-61.7115049
858,135,1,Canals,-33.5641591,-62.9071176,1,-33.5659426,-62.8847199
859,135,1,Canals,-33.5641591,-62.9071176,1,-33.5659426,-62.8847199
860,135,1,Laboulaye,-34.1289345,-63.3907763,1,-33.5659426,-62.8847199